[{"kind":"E","path":["demoqlik","user","savedAt"],"lhs":"2015-07-18T14:38:40.953Z","rhs":"2015-07-18T14:38:05.283Z"},{"kind":"A","path":["demoqlik","mashups"],"index":0,"item":{"kind":"D","lhs":{"name":"default.mashup.name","title":"test","lang":"en-us","color":"blue","logo":{"show":false,"href":"http://www2.qlik.com/images/interface/chrome/logo.png"},"theme":{"bs":"default","qs":"sense"},"navbar":{"invert":false,"brand":"Qlik","logo":{"show":false,"href":"http://www2.qlik.com/images/interface/chrome/logo.png"},"left":[{"id":1,"type":"link","title":"default.page.header.title","page":"1","items":[]}]},"footer":{"left":{"show":true,"title":"footer.left","href":"footer.left.href"},"right":{"show":true,"title":"footer.right","href":"footer.right.href"}},"pages":{"1":{"header":{"show":true,"invert":false,"title":"default.page.header.title","description":"default.page.header.description","logo":{"show":false,"href":"http://www2.qlik.com/images/interface/chrome/logo.png"},"link":{"show":true,"title":"default.page.header.link","href":"default.page.header.link.href"}},"rows":[[{"title":"Bar: Revenue by Product Category (Current Period)","showTitle":true,"id":{"app":"2e9f4326-ffdd-43ce-9c7d-d16671e4782b","object":"JxjhqT","type":"barchart"},"color":"default","text":"default.panel.text","width":12,"height":400,"selected":false}]]}},"app":{"id":"2e9f4326-ffdd-43ce-9c7d-d16671e4782b","type":"Executive Performance Mgmt"}}}},{"kind":"E","path":["demoqlik","__modif_date"],"lhs":"2015-07-18T14:38:41.039Z","rhs":"2015-07-18T14:38:05.283Z"}]