[{"kind":"D","path":["anonymousd063ed38-97cb-41e8-97b2-73fd22056d73"],"lhs":{"user":{"prefLang":"en-us","savedAt":"2015-07-19T16:11:22.664Z"},"hub":{"theme":{"bs":"default","qs":"sense"},"prefLang":"en-us","header":{"show":true,"title":"default.hub.header.title","description":"default.hub.header.description","link":{"show":true,"href":"default.hub.header.link.href","title":"default.hub.header.link"},"invert":false,"logo":{"show":false}},"footer":{"left":{"show":true,"title":"footer.left","href":"footer.left.href"},"right":{"show":true,"title":"footer.right","href":"footer.right.href"}}},"mashups":[],"__modif_date":"2015-07-19T16:11:22.664Z","__modif_user":"anonymousd063ed38-97cb-41e8-97b2-73fd22056d73"}}]