[{"kind":"E","path":["anonymous901e19f3-b688-4ddd-b9ad-7b89c1271645","user","savedAt"],"lhs":"2015-07-20T07:32:49.170Z","rhs":"2015-07-20T07:31:21.309Z"},{"kind":"A","path":["anonymous901e19f3-b688-4ddd-b9ad-7b89c1271645","mashups"],"index":0,"item":{"kind":"D","lhs":{"name":"default.mashup.name","title":"dsdsqdsq","lang":"en-us","color":"blue","logo":{"show":false,"href":"http://www2.qlik.com/images/interface/chrome/logo.png"},"theme":{"bs":"default","qs":"sense"},"navbar":{"invert":false,"brand":"Qlik","logo":{"show":false,"href":"http://www2.qlik.com/images/interface/chrome/logo.png"},"left":[{"id":1,"type":"link","title":"default.page.header.title","page":"1","items":[]}]},"footer":{"left":{"show":true,"title":"footer.left","href":"footer.left.href"},"right":{"show":true,"title":"footer.right","href":"footer.right.href"}},"pages":{"1":{"header":{"show":true,"invert":false,"title":"default.page.header.title","description":"default.page.header.description","logo":{"show":false,"href":"http://www2.qlik.com/images/interface/chrome/logo.png"},"link":{"show":true,"title":"default.page.header.link","href":"default.page.header.link.href"}},"rows":[[{"title":"UFO reports by year","showTitle":true,"id":{"app":"589d57ce-3a79-41ec-a511-4293ffb533ae","object":"72db3fdd-8643-4fd7-b519-92f9562bd327","type":"linechart"},"color":"default","text":"default.panel.text","width":4,"height":200,"selected":false}]]}},"app":{"id":"589d57ce-3a79-41ec-a511-4293ffb533ae","type":"UFOs"}}}},{"kind":"E","path":["anonymous901e19f3-b688-4ddd-b9ad-7b89c1271645","__modif_date"],"lhs":"2015-07-20T07:32:49.594Z","rhs":"2015-07-20T07:31:21.310Z"}]