[{"kind":"E","path":["anonymous4bc29b6b-95a9-4c56-8d1f-cf3803ce1336","user","savedAt"],"lhs":"2015-07-20T07:41:08.210Z","rhs":"2015-07-20T07:40:02.329Z"},{"kind":"A","path":["anonymous4bc29b6b-95a9-4c56-8d1f-cf3803ce1336","mashups"],"index":0,"item":{"kind":"D","lhs":{"name":"default.mashup.name","title":"sdf","lang":"en-us","color":"blue","logo":{"show":false,"href":"http://www2.qlik.com/images/interface/chrome/logo.png"},"theme":{"bs":"default","qs":"sense"},"navbar":{"invert":false,"brand":"Qlik","logo":{"show":false,"href":"http://www2.qlik.com/images/interface/chrome/logo.png"},"left":[{"id":1,"type":"link","title":"default.page.header.title","page":"1","items":[]}]},"footer":{"left":{"show":true,"title":"footer.left","href":"footer.left.href"},"right":{"show":true,"title":"footer.right","href":"footer.right.href"}},"pages":{"1":{"header":{"show":true,"invert":false,"title":"default.page.header.title","description":"default.page.header.description","logo":{"show":false,"href":"http://www2.qlik.com/images/interface/chrome/logo.png"},"link":{"show":true,"title":"default.page.header.link","href":"default.page.header.link.href"}},"rows":[[{"title":"Expenses by Accounts","showTitle":true,"id":{"app":"075506ed-73ee-4f1a-b9a0-1955df0bb3e0","object":"NaKQwM","type":"piechart"},"color":"default","text":"default.panel.text","width":4,"height":200,"selected":false},{"title":"Sales vs Margin by Sales Rep","showTitle":true,"id":{"app":"075506ed-73ee-4f1a-b9a0-1955df0bb3e0","object":"fzrxtjq","type":"scatterplot"},"color":"default","text":"default.panel.text","width":12,"height":400,"selected":false}]]}},"app":{"id":"075506ed-73ee-4f1a-b9a0-1955df0bb3e0","type":"Executive Dashboard"}}}},{"kind":"E","path":["anonymous4bc29b6b-95a9-4c56-8d1f-cf3803ce1336","__modif_date"],"lhs":"2015-07-20T07:41:08.252Z","rhs":"2015-07-20T07:40:02.329Z"}]