[{"kind":"E","path":["anonymousd063ed38-97cb-41e8-97b2-73fd22056d73","user","savedAt"],"lhs":"2015-07-19T16:12:34.778Z","rhs":"2015-07-19T16:11:22.664Z"},{"kind":"A","path":["anonymousd063ed38-97cb-41e8-97b2-73fd22056d73","mashups"],"index":0,"item":{"kind":"D","lhs":{"name":"test","title":"test","lang":"en-us","color":"blue","logo":{"show":false,"href":"http://www2.qlik.com/images/interface/chrome/logo.png"},"theme":{"bs":"default","qs":"sense"},"navbar":{"invert":false,"brand":"Qlik","logo":{"show":false,"href":"http://www2.qlik.com/images/interface/chrome/logo.png"},"left":[{"id":1,"type":"link","title":"default.page.header.title","page":"1","items":[]}]},"footer":{"left":{"show":true,"title":"footer.left","href":"footer.left.href"},"right":{"show":true,"title":"footer.right","href":"footer.right.href"}},"pages":{"1":{"header":{"show":true,"invert":false,"title":"default.page.header.title","description":"default.page.header.description","logo":{"show":false,"href":"http://www2.qlik.com/images/interface/chrome/logo.png"},"link":{"show":true,"title":"default.page.header.link","href":"default.page.header.link.href"}},"rows":[[{"title":"Average Salary","showTitle":true,"id":{"app":"45b5016e-6616-4047-aa5e-b6d70696634d","object":"PDVHvx","type":"barchart"},"color":"default","text":"default.panel.text","width":12,"height":400,"selected":false}]]}},"app":{"id":"45b5016e-6616-4047-aa5e-b6d70696634d","type":"CEO Analysis"}}}},{"kind":"E","path":["anonymousd063ed38-97cb-41e8-97b2-73fd22056d73","__modif_date"],"lhs":"2015-07-19T16:12:34.842Z","rhs":"2015-07-19T16:11:22.664Z"}]