[{"kind":"D","path":["anonymous5aa82d21-8225-4740-9f0e-c8865599c534"],"lhs":{"user":{"prefLang":"en-us","savedAt":"2015-07-20T07:29:43.200Z"},"hub":{"theme":{"bs":"default","qs":"sense"},"prefLang":"en-us","header":{"show":true,"title":"default.hub.header.title","description":"default.hub.header.description","link":{"show":true,"href":"default.hub.header.link.href","title":"default.hub.header.link"},"invert":false,"logo":{"show":false}},"footer":{"left":{"show":true,"title":"footer.left","href":"footer.left.href"},"right":{"show":true,"title":"footer.right","href":"footer.right.href"}}},"mashups":[],"__modif_date":"2015-07-20T07:29:43.201Z","__modif_user":"anonymous5aa82d21-8225-4740-9f0e-c8865599c534"}}]