[{"kind":"D","path":["anonymous4bc29b6b-95a9-4c56-8d1f-cf3803ce1336"],"lhs":{"user":{"prefLang":"en-us","savedAt":"2015-07-20T07:40:02.329Z"},"hub":{"theme":{"bs":"default","qs":"sense"},"prefLang":"en-us","header":{"show":true,"title":"default.hub.header.title","description":"default.hub.header.description","link":{"show":true,"href":"default.hub.header.link.href","title":"default.hub.header.link"},"invert":false,"logo":{"show":false}},"footer":{"left":{"show":true,"title":"footer.left","href":"footer.left.href"},"right":{"show":true,"title":"footer.right","href":"footer.right.href"}}},"mashups":[],"__modif_date":"2015-07-20T07:40:02.329Z","__modif_user":"anonymous4bc29b6b-95a9-4c56-8d1f-cf3803ce1336"}}]