[{"kind":"E","path":["anonymousd063ed38-97cb-41e8-97b2-73fd22056d73","user","savedAt"],"lhs":"2015-07-19T16:16:54.290Z","rhs":"2015-07-19T16:12:34.778Z"},{"kind":"E","path":["anonymousd063ed38-97cb-41e8-97b2-73fd22056d73","mashups",0,"pages","1","rows",0,0,"width"],"lhs":6,"rhs":12},{"kind":"A","path":["anonymousd063ed38-97cb-41e8-97b2-73fd22056d73","mashups",0,"pages","1","rows",0],"index":1,"item":{"kind":"D","lhs":{"title":"Position Held Prior to CEO","showTitle":true,"id":{"app":"45b5016e-6616-4047-aa5e-b6d70696634d","object":"UuHy","type":"barchart"},"color":"default","text":"default.panel.text","width":6,"height":400,"selected":false}}},{"kind":"E","path":["anonymousd063ed38-97cb-41e8-97b2-73fd22056d73","__modif_date"],"lhs":"2015-07-19T16:16:54.318Z","rhs":"2015-07-19T16:12:34.842Z"}]