[{"kind":"D","path":["anonymous901e19f3-b688-4ddd-b9ad-7b89c1271645"],"lhs":{"user":{"prefLang":"en-us","savedAt":"2015-07-20T07:31:21.309Z"},"hub":{"theme":{"bs":"default","qs":"sense"},"prefLang":"en-us","header":{"show":true,"title":"default.hub.header.title","description":"default.hub.header.description","link":{"show":true,"href":"default.hub.header.link.href","title":"default.hub.header.link"},"invert":false,"logo":{"show":false}},"footer":{"left":{"show":true,"title":"footer.left","href":"footer.left.href"},"right":{"show":true,"title":"footer.right","href":"footer.right.href"}}},"mashups":[],"__modif_date":"2015-07-20T07:31:21.310Z","__modif_user":"anonymous901e19f3-b688-4ddd-b9ad-7b89c1271645"}}]