[{"kind":"E","path":["anonymousfcf03760-ef0d-4533-af00-008997279bda","user","savedAt"],"lhs":"2015-07-22T15:14:22.433Z","rhs":"2015-07-22T15:13:57.527Z"},{"kind":"A","path":["anonymousfcf03760-ef0d-4533-af00-008997279bda","mashups"],"index":0,"item":{"kind":"D","lhs":{"name":"default.mashup.name","title":"edb","lang":"en-us","color":"blue","logo":{"show":false,"href":"http://www2.qlik.com/images/interface/chrome/logo.png"},"theme":{"bs":"default","qs":"sense"},"navbar":{"invert":false,"brand":"Qlik","logo":{"show":false,"href":"http://www2.qlik.com/images/interface/chrome/logo.png"},"left":[{"id":1,"type":"link","title":"default.page.header.title","page":"1","items":[]}]},"footer":{"left":{"show":true,"title":"footer.left","href":"footer.left.href"},"right":{"show":true,"title":"footer.right","href":"footer.right.href"}},"pages":{"1":{"header":{"show":true,"invert":false,"title":"default.page.header.title","description":"default.page.header.description","logo":{"show":false,"href":"http://www2.qlik.com/images/interface/chrome/logo.png"},"link":{"show":true,"title":"default.page.header.link","href":"default.page.header.link.href"}},"rows":[[]]}},"app":{"id":"075506ed-73ee-4f1a-b9a0-1955df0bb3e0","type":"Executive Dashboard"}}}},{"kind":"E","path":["anonymousfcf03760-ef0d-4533-af00-008997279bda","__modif_date"],"lhs":"2015-07-22T15:14:22.437Z","rhs":"2015-07-22T15:13:57.527Z"}]