[{"kind":"E","path":["Desktop","user","savedAt"],"lhs":"2015-07-28T17:52:42.219Z","rhs":"2015-07-28T17:17:32.665Z"},{"kind":"E","path":["Desktop","mashups",0,"pages","2","rows",0,2,"title"],"lhs":"Evol CA / Magasin","rhs":"Evol CA / Pays"},{"kind":"E","path":["Desktop","mashups",0,"pages","2","rows",0,2,"id","object"],"lhs":"rENyRU","rhs":"JTGvcA"},{"kind":"E","path":["Desktop","mashups",0,"pages","2","rows",0,3,"title"],"lhs":"Evol CA / Pays","rhs":"Evol CA / Magasin"},{"kind":"E","path":["Desktop","mashups",0,"pages","2","rows",0,3,"id","object"],"lhs":"JTGvcA","rhs":"rENyRU"},{"kind":"E","path":["Desktop","__modif_date"],"lhs":"2015-07-28T17:52:42.267Z","rhs":"2015-07-28T17:17:32.997Z"}]