[{"kind":"E","path":["anonymousfcf03760-ef0d-4533-af00-008997279bda","user","savedAt"],"lhs":"2015-07-22T15:14:44.127Z","rhs":"2015-07-22T15:14:31.864Z"},{"kind":"A","path":["anonymousfcf03760-ef0d-4533-af00-008997279bda","mashups",0,"pages","1","rows",0],"index":1,"item":{"kind":"D","lhs":{"title":"Expense Trend","showTitle":true,"id":{"app":"075506ed-73ee-4f1a-b9a0-1955df0bb3e0","object":"JEBdZz","type":"linechart"},"color":"default","text":"default.panel.text","width":8,"height":200,"selected":false}}},{"kind":"E","path":["anonymousfcf03760-ef0d-4533-af00-008997279bda","__modif_date"],"lhs":"2015-07-22T15:14:44.138Z","rhs":"2015-07-22T15:14:31.867Z"}]