[{"kind":"E","path":["Desktop","user","savedAt"],"lhs":"2015-07-20T15:25:17.668Z","rhs":"2015-07-18T13:36:17.996Z"},{"kind":"E","path":["Desktop","mashups",0,"pages","1","rows",0,0,"title"],"lhs":"Margin","rhs":"Revenue"},{"kind":"E","path":["Desktop","mashups",0,"pages","1","rows",0,0,"id","object"],"lhs":"bYPysVA","rhs":"VcMr"},{"kind":"N","path":["Desktop","mashups",0,"pages","1","rows",0,0,"showLink"],"rhs":true},{"kind":"N","path":["Desktop","mashups",0,"pages","1","rows",0,0,"link"],"rhs":"2"},{"kind":"E","path":["Desktop","mashups",0,"pages","1","rows",0,1,"title"],"lhs":"Revenue","rhs":"Margin"},{"kind":"E","path":["Desktop","mashups",0,"pages","1","rows",0,1,"id","object"],"lhs":"VcMr","rhs":"bYPysVA"},{"kind":"D","path":["Desktop","mashups",0,"pages","1","rows",0,1,"showLink"],"lhs":true},{"kind":"D","path":["Desktop","mashups",0,"pages","1","rows",0,1,"link"],"lhs":"2"},{"kind":"E","path":["Desktop","__modif_date"],"lhs":"2015-07-20T15:25:16.978Z","rhs":"2015-07-18T13:36:18.004Z"}]