[{"kind":"E","path":["Desktop","user","savedAt"],"lhs":"2015-07-20T15:25:58.516Z","rhs":"2015-07-20T15:25:17.668Z"},{"kind":"A","path":["Desktop","mashups",0,"pages","1","rows",0],"index":6,"item":{"kind":"D","lhs":{"title":"[no title]","showTitle":true,"id":{"app":"C:\\Users\\lft\\Documents\\Qlik\\Sense\\Apps\\Analyse Retail.qvf","object":"pHraC","type":"map"},"color":"default","text":"default.panel.text","width":12,"height":600,"selected":false}}},{"kind":"E","path":["Desktop","__modif_date"],"lhs":"2015-07-20T15:25:58.677Z","rhs":"2015-07-20T15:25:16.978Z"}]