[{"kind":"E","path":["demoqlik","user","savedAt"],"lhs":"2015-07-22T15:08:08.258Z","rhs":"2015-07-18T14:38:40.953Z"},{"kind":"A","path":["demoqlik","mashups",0,"pages","2","rows",0],"index":6,"item":{"kind":"D","lhs":{"title":"mon graphique","showTitle":true,"id":{"app":"3c4b6c68-c935-4b46-92c3-e2b32d255d4f","object":"tUKx","type":"barchart"},"color":"default","text":"default.panel.text","width":12,"height":600,"selected":false}}},{"kind":"E","path":["demoqlik","__modif_date"],"lhs":"2015-07-22T15:08:08.346Z","rhs":"2015-07-18T14:38:41.039Z"}]