[{"kind":"D","path":["anonymous064d56c3-5a51-436c-be3f-37a1e347aae7"],"lhs":{"user":{"prefLang":"en-us","savedAt":"2015-07-22T15:12:39.340Z"},"hub":{"theme":{"bs":"default","qs":"sense"},"prefLang":"en-us","header":{"show":true,"title":"default.hub.header.title","description":"default.hub.header.description","link":{"show":true,"href":"default.hub.header.link.href","title":"default.hub.header.link"},"invert":false,"logo":{"show":false}},"footer":{"left":{"show":true,"title":"footer.left","href":"footer.left.href"},"right":{"show":true,"title":"footer.right","href":"footer.right.href"}}},"mashups":[],"__modif_date":"2015-07-22T15:12:39.340Z","__modif_user":"anonymous064d56c3-5a51-436c-be3f-37a1e347aae7"}}]