[{"kind":"E","path":["anonymous064d56c3-5a51-436c-be3f-37a1e347aae7","user","savedAt"],"lhs":"2015-07-22T15:13:26.838Z","rhs":"2015-07-22T15:12:39.340Z"},{"kind":"A","path":["anonymous064d56c3-5a51-436c-be3f-37a1e347aae7","mashups"],"index":0,"item":{"kind":"D","lhs":{"name":"default.mashup.name","title":"ufo","lang":"en-us","color":"blue","logo":{"show":false,"href":"http://www2.qlik.com/images/interface/chrome/logo.png"},"theme":{"bs":"default","qs":"sense"},"navbar":{"invert":false,"brand":"Qlik","logo":{"show":false,"href":"http://www2.qlik.com/images/interface/chrome/logo.png"},"left":[{"id":1,"type":"link","title":"default.page.header.title","page":"1","items":[]}]},"footer":{"left":{"show":true,"title":"footer.left","href":"footer.left.href"},"right":{"show":true,"title":"footer.right","href":"footer.right.href"}},"pages":{"1":{"header":{"show":true,"invert":false,"title":"default.page.header.title","description":"default.page.header.description","logo":{"show":false,"href":"http://www2.qlik.com/images/interface/chrome/logo.png"},"link":{"show":true,"title":"default.page.header.link","href":"default.page.header.link.href"}},"rows":[[{"title":"UFO reports by year","showTitle":true,"id":{"app":"589d57ce-3a79-41ec-a511-4293ffb533ae","object":"72db3fdd-8643-4fd7-b519-92f9562bd327","type":"linechart"},"color":"default","text":"default.panel.text","width":12,"height":600,"selected":false},{"title":"The shape of UFOs","showTitle":true,"id":{"app":"589d57ce-3a79-41ec-a511-4293ffb533ae","object":"hgEPUXL","type":"barchart"},"color":"default","text":"default.panel.text","width":12,"height":400,"selected":false}]]}},"app":{"id":"589d57ce-3a79-41ec-a511-4293ffb533ae","type":"UFOs"}}}},{"kind":"E","path":["anonymous064d56c3-5a51-436c-be3f-37a1e347aae7","__modif_date"],"lhs":"2015-07-22T15:13:26.910Z","rhs":"2015-07-22T15:12:39.340Z"}]