[{"kind":"D","path":["anonymousfcf03760-ef0d-4533-af00-008997279bda"],"lhs":{"user":{"prefLang":"en-us","savedAt":"2015-07-22T15:13:57.527Z"},"hub":{"theme":{"bs":"default","qs":"sense"},"prefLang":"en-us","header":{"show":true,"title":"default.hub.header.title","description":"default.hub.header.description","link":{"show":true,"href":"default.hub.header.link.href","title":"default.hub.header.link"},"invert":false,"logo":{"show":false}},"footer":{"left":{"show":true,"title":"footer.left","href":"footer.left.href"},"right":{"show":true,"title":"footer.right","href":"footer.right.href"}}},"mashups":[],"__modif_date":"2015-07-22T15:13:57.527Z","__modif_user":"anonymousfcf03760-ef0d-4533-af00-008997279bda"}}]