[{"kind":"E","path":["Desktop","user","savedAt"],"lhs":"2015-07-28T17:17:32.665Z","rhs":"2015-07-18T13:36:17.996Z"},{"kind":"E","path":["Desktop","mashups",0,"pages","1","rows",0,0,"width"],"lhs":6,"rhs":4},{"kind":"E","path":["Desktop","mashups",0,"pages","1","rows",0,1,"width"],"lhs":6,"rhs":4},{"kind":"E","path":["Desktop","mashups",0,"pages","1","rows",0,2,"width"],"lhs":6,"rhs":4},{"kind":"E","path":["Desktop","mashups",0,"pages","1","rows",0,3,"width"],"lhs":6,"rhs":4},{"kind":"E","path":["Desktop","mashups",0,"pages","1","rows",0,4,"width"],"lhs":6,"rhs":4},{"kind":"E","path":["Desktop","mashups",0,"pages","1","rows",0,5,"width"],"lhs":6,"rhs":4},{"kind":"E","path":["Desktop","__modif_date"],"lhs":"2015-07-28T17:17:32.997Z","rhs":"2015-07-18T13:36:18.004Z"}]