[{"kind":"E","path":["demoqlik","user","prefLang"],"lhs":"fr-fr","rhs":"en-us"},{"kind":"E","path":["demoqlik","user","savedAt"],"lhs":"2015-07-22T15:10:06.647Z","rhs":"2015-07-22T15:08:08.258Z"},{"kind":"E","path":["demoqlik","mashups",0,"pages","1","rows",0,0,"title"],"lhs":"Revenue","rhs":"Margin"},{"kind":"E","path":["demoqlik","mashups",0,"pages","1","rows",0,0,"id","object"],"lhs":"VcMr","rhs":"bYPysVA"},{"kind":"D","path":["demoqlik","mashups",0,"pages","1","rows",0,0,"showLink"],"lhs":true},{"kind":"D","path":["demoqlik","mashups",0,"pages","1","rows",0,0,"link"],"lhs":"2"},{"kind":"E","path":["demoqlik","mashups",0,"pages","1","rows",0,1,"title"],"lhs":" Basket","rhs":"Revenue"},{"kind":"E","path":["demoqlik","mashups",0,"pages","1","rows",0,1,"id","object"],"lhs":"AZzdpN","rhs":"VcMr"},{"kind":"N","path":["demoqlik","mashups",0,"pages","1","rows",0,1,"showLink"],"rhs":true},{"kind":"N","path":["demoqlik","mashups",0,"pages","1","rows",0,1,"link"],"rhs":"2"},{"kind":"E","path":["demoqlik","mashups",0,"pages","1","rows",0,2,"title"],"lhs":"Margin","rhs":"Transformation"},{"kind":"E","path":["demoqlik","mashups",0,"pages","1","rows",0,2,"id","object"],"lhs":"bYPysVA","rhs":"mjTPqq"},{"kind":"E","path":["demoqlik","mashups",0,"pages","1","rows",0,3,"title"],"lhs":"Transformation","rhs":"Frequentation"},{"kind":"E","path":["demoqlik","mashups",0,"pages","1","rows",0,3,"id","object"],"lhs":"mjTPqq","rhs":"zgBBkw"},{"kind":"E","path":["demoqlik","mashups",0,"pages","1","rows",0,4,"title"],"lhs":"Frequentation","rhs":" Basket"},{"kind":"E","path":["demoqlik","mashups",0,"pages","1","rows",0,4,"id","object"],"lhs":"zgBBkw","rhs":"AZzdpN"},{"kind":"E","path":["demoqlik","__modif_date"],"lhs":"2015-07-22T15:10:06.659Z","rhs":"2015-07-22T15:08:08.346Z"}]