[{"kind":"E","path":["Desktop","user","savedAt"],"lhs":"2015-07-18T13:32:29.640Z","rhs":"2015-07-18T13:31:27.605Z"},{"kind":"D","path":["Desktop","mashups",0,"pages","3"],"lhs":{"header":{"show":true,"invert":true,"title":"Margin","description":"And we make our investors happy!","logo":{"show":true,"href":"NykO4H7Y.jpg"},"link":{"show":false,"title":"default.page.header.link","href":"default.page.header.link.href"}},"rows":[[]]}},{"kind":"E","path":["Desktop","__modif_date"],"lhs":"2015-07-18T13:32:29.651Z","rhs":"2015-07-18T13:31:27.618Z"}]