[{"kind":"E","path":["Desktop","user","savedAt"],"lhs":"2015-07-18T13:22:46.325Z","rhs":"2015-07-18T13:20:58.637Z"},{"kind":"A","path":["Desktop","mashups",0,"pages","1","rows",0],"index":0,"item":{"kind":"D","lhs":{"title":"Revenue","showTitle":true,"id":{"app":"C:\\Users\\lft\\Documents\\Qlik\\Sense\\Apps\\Analyse Retail.qvf","object":"VcMr","type":"kpi"},"color":"default","text":"default.panel.text","width":4,"height":200,"selected":false}}},{"kind":"A","path":["Desktop","mashups",0,"pages","1","rows",0],"index":1,"item":{"kind":"D","lhs":{"title":"Margin","showTitle":true,"id":{"app":"C:\\Users\\lft\\Documents\\Qlik\\Sense\\Apps\\Analyse Retail.qvf","object":"bYPysVA","type":"kpi"},"color":"default","text":"default.panel.text","width":4,"height":200,"selected":false}}},{"kind":"A","path":["Desktop","mashups",0,"pages","1","rows",0],"index":2,"item":{"kind":"D","lhs":{"title":"Transformation","showTitle":true,"id":{"app":"C:\\Users\\lft\\Documents\\Qlik\\Sense\\Apps\\Analyse Retail.qvf","object":"mjTPqq","type":"kpi"},"color":"default","text":"default.panel.text","width":4,"height":200,"selected":false}}},{"kind":"A","path":["Desktop","mashups",0,"pages","1","rows",0],"index":3,"item":{"kind":"D","lhs":{"title":"Frequentation","showTitle":true,"id":{"app":"C:\\Users\\lft\\Documents\\Qlik\\Sense\\Apps\\Analyse Retail.qvf","object":"zgBBkw","type":"kpi"},"color":"default","text":"default.panel.text","width":4,"height":200,"selected":false}}},{"kind":"A","path":["Desktop","mashups",0,"pages","1","rows",0],"index":4,"item":{"kind":"D","lhs":{"title":" Basket","showTitle":true,"id":{"app":"C:\\Users\\lft\\Documents\\Qlik\\Sense\\Apps\\Analyse Retail.qvf","object":"AZzdpN","type":"kpi"},"color":"default","text":"default.panel.text","width":4,"height":200,"selected":false}}},{"kind":"A","path":["Desktop","mashups",0,"pages","1","rows",0],"index":5,"item":{"kind":"D","lhs":{"title":"Returned","showTitle":true,"id":{"app":"C:\\Users\\lft\\Documents\\Qlik\\Sense\\Apps\\Analyse Retail.qvf","object":"YhuXPDD","type":"kpi"},"color":"default","text":"default.panel.text","width":4,"height":200,"selected":false}}},{"kind":"E","path":["Desktop","__modif_date"],"lhs":"2015-07-18T13:22:46.347Z","rhs":"2015-07-18T13:20:58.660Z"}]