[{"kind":"E","path":["Desktop","user","savedAt"],"lhs":"2015-07-18T12:57:36.252Z","rhs":"2015-07-18T12:51:21.306Z"},{"kind":"A","path":["Desktop","mashups"],"index":3,"item":{"kind":"D","lhs":{"name":"Retail","title":"retail","lang":"en-us","color":"blue","logo":{"show":true,"href":"4J-Lh4XY.jpg"},"theme":{"bs":"default","qs":"sense"},"navbar":{"invert":false,"brand":"Qlik","logo":{"show":false,"href":"http://www2.qlik.com/images/interface/chrome/logo.png"},"left":[{"id":1,"type":"link","title":"default.page.header.title","page":"1","items":[]}]},"footer":{"left":{"show":true,"title":"footer.left","href":"footer.left.href"},"right":{"show":true,"title":"footer.right","href":"footer.right.href"}},"pages":{"1":{"header":{"show":true,"invert":false,"title":"default.page.header.title","description":"default.page.header.description","logo":{"show":false,"href":"http://www2.qlik.com/images/interface/chrome/logo.png"},"link":{"show":true,"title":"default.page.header.link","href":"default.page.header.link.href"}},"rows":[[]]}},"app":{"id":"C:\\Users\\lft\\Documents\\Qlik\\Sense\\Apps\\Analyse Retail.qvf","type":"Analyse Retail.qvf"}}}},{"kind":"E","path":["Desktop","__modif_date"],"lhs":"2015-07-18T12:57:36.276Z","rhs":"2015-07-18T12:51:21.315Z"}]