[{"kind":"E","path":["Desktop","user","savedAt"],"lhs":"2015-07-18T12:51:21.306Z","rhs":"2015-07-18T12:20:06.792Z"},{"kind":"E","path":["Desktop","mashups",2,"pages","1","rows",0,0,"title"],"lhs":"Sales Variation","rhs":"default.panel.title"},{"kind":"E","path":["Desktop","mashups",2,"pages","1","rows",0,0,"showTitle"],"lhs":false,"rhs":true},{"kind":"E","path":["Desktop","mashups",2,"pages","1","rows",0,1,"title"],"lhs":"Margin Variation","rhs":"default.panel.title"},{"kind":"E","path":["Desktop","mashups",2,"pages","1","rows",0,1,"showTitle"],"lhs":false,"rhs":true},{"kind":"E","path":["Desktop","mashups",2,"pages","1","rows",0,2,"title"],"lhs":"Sales vs Goal YTD","rhs":"default.panel.title"},{"kind":"E","path":["Desktop","mashups",2,"pages","1","rows",0,2,"showTitle"],"lhs":false,"rhs":true},{"kind":"E","path":["Desktop","mashups",2,"pages","1","rows",0,3,"title"],"lhs":"Sales Evolution","rhs":"default.panel.title"},{"kind":"E","path":["Desktop","mashups",2,"pages","1","rows",0,4,"title"],"lhs":"Sales: YTD vs LYTD vs YTD Goals","rhs":"default.panel.title"},{"kind":"E","path":["Desktop","__modif_date"],"lhs":"2015-07-18T12:51:21.315Z","rhs":"2015-07-18T12:20:06.804Z"}]