[{"kind":"E","path":["Desktop","user","savedAt"],"lhs":"2015-07-18T13:23:03.352Z","rhs":"2015-07-18T13:22:46.325Z"},{"kind":"E","path":["Desktop","mashups",0,"pages","1","rows",0,0,"showTitle"],"lhs":false,"rhs":true},{"kind":"E","path":["Desktop","mashups",0,"pages","1","rows",0,1,"showTitle"],"lhs":false,"rhs":true},{"kind":"E","path":["Desktop","mashups",0,"pages","1","rows",0,2,"showTitle"],"lhs":false,"rhs":true},{"kind":"E","path":["Desktop","mashups",0,"pages","1","rows",0,3,"showTitle"],"lhs":false,"rhs":true},{"kind":"E","path":["Desktop","mashups",0,"pages","1","rows",0,4,"showTitle"],"lhs":false,"rhs":true},{"kind":"E","path":["Desktop","mashups",0,"pages","1","rows",0,5,"showTitle"],"lhs":false,"rhs":true},{"kind":"E","path":["Desktop","__modif_date"],"lhs":"2015-07-18T13:23:03.373Z","rhs":"2015-07-18T13:22:46.347Z"}]