[{"kind":"E","path":["Desktop","user","savedAt"],"lhs":"2015-07-18T13:24:38.548Z","rhs":"2015-07-18T13:24:01.216Z"},{"kind":"D","path":["Desktop","mashups",0,"pages","2"],"lhs":{"header":{"show":true,"invert":false,"title":"Revenue","description":"default.page.header.description","logo":{"show":true,"href":"4ym2Gr7Y.jpg"},"link":{"show":true,"title":"default.page.header.link","href":"default.page.header.link.href"}},"rows":[[]]}},{"kind":"E","path":["Desktop","__modif_date"],"lhs":"2015-07-18T13:24:38.567Z","rhs":"2015-07-18T13:24:01.225Z"}]