[{"kind":"E","path":["Desktop","user","savedAt"],"lhs":"2015-07-18T13:35:21.755Z","rhs":"2015-07-18T13:33:34.822Z"},{"kind":"D","path":["Desktop","mashups",0,"pages","5"],"lhs":{"header":{"show":true,"invert":true,"title":"Details","description":"Get the transaction details. Seriously.","logo":{"show":true,"href":"EyikSrQF.jpg"},"link":{"show":true,"title":"default.page.header.link","href":"default.page.header.link.href"}},"rows":[[]]}},{"kind":"E","path":["Desktop","__modif_date"],"lhs":"2015-07-18T13:35:21.771Z","rhs":"2015-07-18T13:33:34.855Z"}]