[{"kind":"E","path":["Desktop","user","savedAt"],"lhs":"2015-07-18T13:36:17.996Z","rhs":"2015-07-18T13:35:21.755Z"},{"kind":"E","path":["Desktop","mashups",0,"pages","5","header","link","show"],"lhs":false,"rhs":true},{"kind":"A","path":["Desktop","mashups",0,"pages","5","rows",0],"index":0,"item":{"kind":"D","lhs":{"title":"Details","showTitle":true,"id":{"app":"C:\\Users\\lft\\Documents\\Qlik\\Sense\\Apps\\Analyse Retail.qvf","object":"TCda","type":"table"},"color":"default","text":"default.panel.text","width":12,"height":600,"selected":false}}},{"kind":"A","path":["Desktop","mashups",0,"pages","5","rows",0],"index":1,"item":{"kind":"D","lhs":{"title":"Map","showTitle":true,"id":{"app":"C:\\Users\\lft\\Documents\\Qlik\\Sense\\Apps\\Analyse Retail.qvf","object":"pHraC","type":"map"},"color":"default","text":"default.panel.text","width":12,"height":600,"selected":false}}},{"kind":"E","path":["Desktop","__modif_date"],"lhs":"2015-07-18T13:36:18.004Z","rhs":"2015-07-18T13:35:21.771Z"}]