[{"kind":"E","path":["Desktop","user","savedAt"],"lhs":"2015-07-18T13:08:03.169Z","rhs":"2015-07-18T13:02:18.713Z"},{"kind":"E","path":["Desktop","mashups",0,"navbar","brand"],"lhs":"","rhs":"Qlik"},{"kind":"E","path":["Desktop","mashups",0,"navbar","logo","show"],"lhs":true,"rhs":false},{"kind":"E","path":["Desktop","mashups",0,"navbar","logo","href"],"lhs":"NJa_RNmY.png","rhs":"http://www2.qlik.com/images/interface/chrome/logo.png"},{"kind":"E","path":["Desktop","__modif_date"],"lhs":"2015-07-18T13:08:03.187Z","rhs":"2015-07-18T13:02:18.723Z"}]