[{"kind":"E","path":["Desktop","user","savedAt"],"lhs":"2015-07-18T13:02:18.713Z","rhs":"2015-07-18T12:58:06.518Z"},{"kind":"E","path":["Desktop","mashups",0,"pages","1","header","invert"],"lhs":true,"rhs":false},{"kind":"E","path":["Desktop","mashups",0,"pages","1","header","logo","show"],"lhs":true,"rhs":false},{"kind":"E","path":["Desktop","mashups",0,"pages","1","header","logo","href"],"lhs":"V13DpNQF.png","rhs":"http://www2.qlik.com/images/interface/chrome/logo.png"},{"kind":"E","path":["Desktop","__modif_date"],"lhs":"2015-07-18T13:02:18.723Z","rhs":"2015-07-18T12:58:06.545Z"}]