[{"kind":"E","path":["Desktop","user","savedAt"],"lhs":"2015-07-18T12:20:06.792Z","rhs":"2015-07-18T12:07:09.278Z"},{"kind":"E","path":["Desktop","mashups",2,"pages","1","rows",0,3,"width"],"lhs":12,"rhs":4},{"kind":"E","path":["Desktop","mashups",2,"pages","1","rows",0,3,"height"],"lhs":400,"rhs":200},{"kind":"E","path":["Desktop","mashups",2,"pages","1","rows",0,4,"width"],"lhs":12,"rhs":4},{"kind":"E","path":["Desktop","mashups",2,"pages","1","rows",0,4,"height"],"lhs":400,"rhs":200},{"kind":"E","path":["Desktop","__modif_date"],"lhs":"2015-07-18T12:20:06.804Z","rhs":"2015-07-18T12:07:09.307Z"}]