[{"kind":"E","path":["Desktop","user","savedAt"],"lhs":"2015-07-18T13:24:01.216Z","rhs":"2015-07-18T13:23:03.352Z"},{"kind":"E","path":["Desktop","mashups",0,"navbar","left",0,"title"],"lhs":"Dashboard","rhs":"default.page.header.title"},{"kind":"A","path":["Desktop","mashups",0,"navbar","left"],"index":1,"item":{"kind":"D","lhs":{"id":1,"title":"Revenue","page":2,"type":"link","items":[]}}},{"kind":"A","path":["Desktop","mashups",0,"navbar","left"],"index":2,"item":{"kind":"D","lhs":{"id":2,"title":"Margin","page":3,"type":"link","items":[]}}},{"kind":"A","path":["Desktop","mashups",0,"navbar","left"],"index":3,"item":{"kind":"D","lhs":{"id":3,"title":"Others","page":4,"type":"link","items":[]}}},{"kind":"A","path":["Desktop","mashups",0,"navbar","left"],"index":4,"item":{"kind":"D","lhs":{"id":4,"title":"Details","page":5,"type":"link","items":[]}}},{"kind":"E","path":["Desktop","__modif_date"],"lhs":"2015-07-18T13:24:01.225Z","rhs":"2015-07-18T13:23:03.373Z"}]