[{"kind":"E","path":["Desktop","user","savedAt"],"lhs":"2015-07-18T13:08:53.138Z","rhs":"2015-07-18T13:08:03.169Z"},{"kind":"E","path":["Desktop","mashups",0,"pages","1","header","title"],"lhs":"Retail Dashboard","rhs":"default.page.header.title"},{"kind":"E","path":["Desktop","mashups",0,"pages","1","header","description"],"lhs":"Analysis of our retail activity at your fingertip","rhs":"default.page.header.description"},{"kind":"E","path":["Desktop","__modif_date"],"lhs":"2015-07-18T13:08:53.164Z","rhs":"2015-07-18T13:08:03.187Z"}]