[{"kind":"E","path":["Desktop","user","savedAt"],"lhs":"2015-07-18T12:07:09.278Z","rhs":"2015-07-18T11:47:03.372Z"},{"kind":"D","path":["Desktop","mashups",0,"pages","4"],"lhs":{"header":{"show":true,"invert":false,"title":"default.page.header.title","description":"default.page.header.description","logo":{"show":false,"href":"http://www2.qlik.com/images/interface/chrome/logo.png"},"link":{"show":true,"title":"default.page.header.link","href":"default.page.header.link.href"}},"rows":[[]]}},{"kind":"A","path":["Desktop","mashups",2,"pages","1","rows",0],"index":0,"item":{"kind":"D","lhs":{"title":"default.panel.title","showTitle":true,"id":{"app":"C:\\Users\\lft\\Documents\\Qlik\\Sense\\Apps\\Sales Discovery.qvf","object":"mTjVeM","type":"kpi"},"color":"default","text":"default.panel.text","width":4,"height":200,"selected":false}}},{"kind":"A","path":["Desktop","mashups",2,"pages","1","rows",0],"index":1,"item":{"kind":"D","lhs":{"title":"default.panel.title","showTitle":true,"id":{"app":"C:\\Users\\lft\\Documents\\Qlik\\Sense\\Apps\\Sales Discovery.qvf","object":"NXfLpP","type":"kpi"},"color":"default","text":"default.panel.text","width":4,"height":200,"selected":false}}},{"kind":"A","path":["Desktop","mashups",2,"pages","1","rows",0],"index":2,"item":{"kind":"D","lhs":{"title":"default.panel.title","showTitle":true,"id":{"app":"C:\\Users\\lft\\Documents\\Qlik\\Sense\\Apps\\Sales Discovery.qvf","object":"jhTmTRy","type":"kpi"},"color":"default","text":"default.panel.text","width":4,"height":200,"selected":false}}},{"kind":"A","path":["Desktop","mashups",2,"pages","1","rows",0],"index":3,"item":{"kind":"D","lhs":{"title":"default.panel.title","showTitle":true,"id":{"app":"C:\\Users\\lft\\Documents\\Qlik\\Sense\\Apps\\Sales Discovery.qvf","object":"myEVngw","type":"linechart"},"color":"default","text":"default.panel.text","width":4,"height":200,"selected":false}}},{"kind":"A","path":["Desktop","mashups",2,"pages","1","rows",0],"index":4,"item":{"kind":"D","lhs":{"title":"default.panel.title","showTitle":true,"id":{"app":"C:\\Users\\lft\\Documents\\Qlik\\Sense\\Apps\\Sales Discovery.qvf","object":"SqDbku","type":"combochart"},"color":"default","text":"default.panel.text","width":4,"height":200,"selected":false}}},{"kind":"E","path":["Desktop","__modif_date"],"lhs":"2015-07-18T12:07:09.307Z","rhs":"2015-07-18T11:47:03.403Z"}]