[{"kind":"E","path":["Desktop","user","savedAt"],"lhs":"2015-07-18T13:33:34.822Z","rhs":"2015-07-18T13:32:29.640Z"},{"kind":"A","path":["Desktop","mashups",0,"pages","3","rows",0],"index":0,"item":{"kind":"D","lhs":{"title":"Evol Marge / Collection","showTitle":true,"id":{"app":"C:\\Users\\lft\\Documents\\Qlik\\Sense\\Apps\\Analyse Retail.qvf","object":"9f455b9f-24fa-4f6b-bccb-79abee082e32","type":"scatterplot"},"color":"default","text":"default.panel.text","width":6,"height":400,"selected":false}}},{"kind":"A","path":["Desktop","mashups",0,"pages","3","rows",0],"index":1,"item":{"kind":"D","lhs":{"title":"Evol Marge / Magasin","showTitle":true,"id":{"app":"C:\\Users\\lft\\Documents\\Qlik\\Sense\\Apps\\Analyse Retail.qvf","object":"eWvNVv","type":"scatterplot"},"color":"default","text":"default.panel.text","width":6,"height":400,"selected":false}}},{"kind":"A","path":["Desktop","mashups",0,"pages","3","rows",0],"index":2,"item":{"kind":"D","lhs":{"title":"Evol Marge / Pays","showTitle":true,"id":{"app":"C:\\Users\\lft\\Documents\\Qlik\\Sense\\Apps\\Analyse Retail.qvf","object":"XJLts","type":"scatterplot"},"color":"default","text":"default.panel.text","width":6,"height":400,"selected":false}}},{"kind":"A","path":["Desktop","mashups",0,"pages","3","rows",0],"index":3,"item":{"kind":"D","lhs":{"title":"Evol Marge / Produit","showTitle":true,"id":{"app":"C:\\Users\\lft\\Documents\\Qlik\\Sense\\Apps\\Analyse Retail.qvf","object":"GEwUcf","type":"scatterplot"},"color":"default","text":"default.panel.text","width":6,"height":400,"selected":false}}},{"kind":"E","path":["Desktop","__modif_date"],"lhs":"2015-07-18T13:33:34.855Z","rhs":"2015-07-18T13:32:29.651Z"}]