[{"kind":"E","path":["Desktop","user","savedAt"],"lhs":"2015-07-18T12:58:06.518Z","rhs":"2015-07-18T12:57:36.252Z"},{"kind":"E","path":["Desktop","mashups",0,"name"],"lhs":"Retail","rhs":"Executive"},{"kind":"E","path":["Desktop","mashups",0,"title"],"lhs":"retail","rhs":"exec"},{"kind":"E","path":["Desktop","mashups",0,"color"],"lhs":"blue","rhs":"midnight-blue"},{"kind":"E","path":["Desktop","mashups",0,"logo","href"],"lhs":"4J-Lh4XY.jpg","rhs":"Nyy7NU_d.jpg"},{"kind":"E","path":["Desktop","mashups",0,"navbar","brand"],"lhs":"Qlik","rhs":""},{"kind":"E","path":["Desktop","mashups",0,"navbar","logo","show"],"lhs":false,"rhs":true},{"kind":"E","path":["Desktop","mashups",0,"navbar","logo","href"],"lhs":"http://www2.qlik.com/images/interface/chrome/logo.png","rhs":"4JT3LUOO.png"},{"kind":"E","path":["Desktop","mashups",0,"navbar","left",0,"title"],"lhs":"default.page.header.title","rhs":"Main"},{"kind":"A","path":["Desktop","mashups",0,"navbar","left"],"index":1,"item":{"kind":"N","rhs":{"id":1,"title":"Revenue","page":2,"type":"link","items":[]}}},{"kind":"A","path":["Desktop","mashups",0,"navbar","left"],"index":2,"item":{"kind":"N","rhs":{"id":2,"title":"Expenses","page":3,"type":"link","items":[]}}},{"kind":"A","path":["Desktop","mashups",0,"navbar","left"],"index":3,"item":{"kind":"N","rhs":{"id":3,"title":"AR","page":4,"type":"link","items":[]}}},{"kind":"E","path":["Desktop","mashups",0,"pages","1","header","show"],"lhs":true,"rhs":false},{"kind":"A","path":["Desktop","mashups",0,"pages","1","rows",0],"index":0,"item":{"kind":"N","rhs":{"title":"Expenses","showTitle":true,"id":{"app":"C:\\Users\\lft\\Documents\\Qlik\\Sense\\Apps\\Executive Dashboard.qvf","object":"KxdNL","type":"gauge"},"color":"default","text":"default.panel.text","width":4,"height":200,"selected":false,"showLink":true,"link":"3","showIcon":true,"icon":"piggy-bank"}}},{"kind":"A","path":["Desktop","mashups",0,"pages","1","rows",0],"index":1,"item":{"kind":"N","rhs":{"title":"Account Reveivable","showTitle":true,"id":{"app":"C:\\Users\\lft\\Documents\\Qlik\\Sense\\Apps\\Executive Dashboard.qvf","object":"MdpsUpA","type":"gauge"},"color":"default","text":"default.panel.text","width":4,"height":200,"selected":false,"showLink":true,"link":"4","showIcon":true,"icon":"warning-sign"}}},{"kind":"A","path":["Desktop","mashups",0,"pages","1","rows",0],"index":2,"item":{"kind":"N","rhs":{"title":"Revenue","showTitle":true,"id":{"app":"C:\\Users\\lft\\Documents\\Qlik\\Sense\\Apps\\Executive Dashboard.qvf","object":"tcxTY","type":"gauge"},"color":"default","text":"default.panel.text","width":4,"height":200,"selected":false,"showLink":true,"link":"2","showIcon":true,"icon":"euro"}}},{"kind":"A","path":["Desktop","mashups",0,"pages","1","rows",0],"index":3,"item":{"kind":"N","rhs":{"title":"Expenses trend","showTitle":false,"id":{"app":"C:\\Users\\lft\\Documents\\Qlik\\Sense\\Apps\\Executive Dashboard.qvf","object":"JEBdZz","type":"linechart"},"color":"default","text":"default.panel.text","width":4,"height":200,"selected":false}}},{"kind":"A","path":["Desktop","mashups",0,"pages","1","rows",0],"index":4,"item":{"kind":"N","rhs":{"title":"Revenue trend","showTitle":false,"id":{"app":"C:\\Users\\lft\\Documents\\Qlik\\Sense\\Apps\\Executive Dashboard.qvf","object":"GJxgd","type":"linechart"},"color":"default","text":"default.panel.text","width":4,"height":200,"selected":false}}},{"kind":"A","path":["Desktop","mashups",0,"pages","1","rows",0],"index":5,"item":{"kind":"N","rhs":{"title":"AR Trend","showTitle":false,"id":{"app":"C:\\Users\\lft\\Documents\\Qlik\\Sense\\Apps\\Executive Dashboard.qvf","object":"QYthJs","type":"linechart"},"color":"default","text":"default.panel.text","width":4,"height":200,"selected":false}}},{"kind":"A","path":["Desktop","mashups",0,"pages","1","rows",0],"index":6,"item":{"kind":"N","rhs":{"title":"By account","showTitle":false,"id":{"app":"C:\\Users\\lft\\Documents\\Qlik\\Sense\\Apps\\Executive Dashboard.qvf","object":"NaKQwM","type":"piechart"},"color":"default","text":"default.panel.text","width":4,"height":200,"selected":false}}},{"kind":"A","path":["Desktop","mashups",0,"pages","1","rows",0],"index":7,"item":{"kind":"N","rhs":{"title":"default.panel.title","showTitle":false,"id":{"app":"C:\\Users\\lft\\Documents\\Qlik\\Sense\\Apps\\Executive Dashboard.qvf","object":"ZxDKp","type":"piechart"},"color":"default","text":"default.panel.text","width":4,"height":200,"selected":false}}},{"kind":"A","path":["Desktop","mashups",0,"pages","1","rows",0],"index":8,"item":{"kind":"N","rhs":{"title":"default.panel.title","showTitle":false,"id":{"app":"C:\\Users\\lft\\Documents\\Qlik\\Sense\\Apps\\Executive Dashboard.qvf","object":"ARNmpdM","type":"piechart"},"color":"default","text":"default.panel.text","width":4,"height":200,"selected":false}}},{"kind":"N","path":["Desktop","mashups",0,"pages","2"],"rhs":{"header":{"show":true,"invert":true,"title":"Revenue","description":"Analyze the revenue of our company","logo":{"show":true,"href":"4ySb8IOu.jpg"},"link":{"show":false,"title":"default.page.header.link","href":"default.page.header.link.href"}},"rows":[[{"title":"Sales per day","showTitle":true,"id":{"app":"C:\\Users\\lft\\Documents\\Qlik\\Sense\\Apps\\Executive Dashboard.qvf","object":"nvqpV","type":"linechart"},"color":"default","text":"default.panel.text","width":6,"height":400,"selected":false},{"title":"Sales margin","showTitle":true,"id":{"app":"C:\\Users\\lft\\Documents\\Qlik\\Sense\\Apps\\Executive Dashboard.qvf","object":"fzrxtjq","type":"scatterplot"},"color":"default","text":"default.panel.text","width":6,"height":400,"selected":false},{"title":"Sales by product","showTitle":true,"id":{"app":"C:\\Users\\lft\\Documents\\Qlik\\Sense\\Apps\\Executive Dashboard.qvf","object":"qZPdytp","type":"barchart"},"color":"default","text":"default.panel.text","width":12,"height":600,"selected":false}]]}},{"kind":"N","path":["Desktop","mashups",0,"pages","3"],"rhs":{"header":{"show":true,"invert":false,"title":"default.page.header.title","description":"default.page.header.description","logo":{"show":false,"href":"http://www2.qlik.com/images/interface/chrome/logo.png"},"link":{"show":true,"title":"default.page.header.link","href":"default.page.header.link.href"}},"rows":[[]]}},{"kind":"N","path":["Desktop","mashups",0,"pages","4"],"rhs":{"header":{"show":true,"invert":false,"title":"default.page.header.title","description":"default.page.header.description","logo":{"show":false,"href":"http://www2.qlik.com/images/interface/chrome/logo.png"},"link":{"show":true,"title":"default.page.header.link","href":"default.page.header.link.href"}},"rows":[[]]}},{"kind":"E","path":["Desktop","mashups",0,"app","id"],"lhs":"C:\\Users\\lft\\Documents\\Qlik\\Sense\\Apps\\Analyse Retail.qvf","rhs":"C:\\Users\\lft\\Documents\\Qlik\\Sense\\Apps\\Executive Dashboard.qvf"},{"kind":"E","path":["Desktop","mashups",0,"app","type"],"lhs":"Analyse Retail.qvf","rhs":"Executive Dashboard.qvf"},{"kind":"E","path":["Desktop","mashups",1,"name"],"lhs":"Executive","rhs":"Help Desk"},{"kind":"E","path":["Desktop","mashups",1,"title"],"lhs":"exec","rhs":"helpdesk"},{"kind":"E","path":["Desktop","mashups",1,"color"],"lhs":"midnight-blue","rhs":"blue"},{"kind":"E","path":["Desktop","mashups",1,"logo","href"],"lhs":"Nyy7NU_d.jpg","rhs":"Ey1jd8uO.jpg"},{"kind":"E","path":["Desktop","mashups",1,"theme","bs"],"lhs":"default","rhs":"cyborg"},{"kind":"E","path":["Desktop","mashups",1,"theme","qs"],"lhs":"sense","rhs":"highvis"},{"kind":"E","path":["Desktop","mashups",1,"navbar","brand"],"lhs":"","rhs":"Qlik"},{"kind":"E","path":["Desktop","mashups",1,"navbar","logo","show"],"lhs":true,"rhs":false},{"kind":"E","path":["Desktop","mashups",1,"navbar","logo","href"],"lhs":"4JT3LUOO.png","rhs":"http://www2.qlik.com/images/interface/chrome/logo.png"},{"kind":"E","path":["Desktop","mashups",1,"navbar","left",0,"title"],"lhs":"Main","rhs":"Helpdesk"},{"kind":"E","path":["Desktop","mashups",1,"navbar","left",1,"title"],"lhs":"Revenue","rhs":"Details"},{"kind":"A","path":["Desktop","mashups",1,"navbar","left"],"index":2,"item":{"kind":"D","lhs":{"id":2,"title":"Expenses","page":3,"type":"link","items":[]}}},{"kind":"A","path":["Desktop","mashups",1,"navbar","left"],"index":3,"item":{"kind":"D","lhs":{"id":3,"title":"AR","page":4,"type":"link","items":[]}}},{"kind":"E","path":["Desktop","mashups",1,"pages","1","header","show"],"lhs":false,"rhs":true},{"kind":"E","path":["Desktop","mashups",1,"pages","1","header","invert"],"lhs":false,"rhs":true},{"kind":"E","path":["Desktop","mashups",1,"pages","1","header","title"],"lhs":"default.page.header.title","rhs":"Helpdesk"},{"kind":"E","path":["Desktop","mashups",1,"pages","1","header","description"],"lhs":"default.page.header.description","rhs":"Closing tickets is our mission!"},{"kind":"E","path":["Desktop","mashups",1,"pages","1","header","logo","show"],"lhs":false,"rhs":true},{"kind":"E","path":["Desktop","mashups",1,"pages","1","header","logo","href"],"lhs":"http://www2.qlik.com/images/interface/chrome/logo.png","rhs":"NkITO8dO.jpg"},{"kind":"E","path":["Desktop","mashups",1,"pages","1","rows",0,0,"title"],"lhs":"Expenses","rhs":"default.panel.title"},{"kind":"E","path":["Desktop","mashups",1,"pages","1","rows",0,0,"showTitle"],"lhs":true,"rhs":false},{"kind":"E","path":["Desktop","mashups",1,"pages","1","rows",0,0,"id","app"],"lhs":"C:\\Users\\lft\\Documents\\Qlik\\Sense\\Apps\\Executive Dashboard.qvf","rhs":"C:\\Users\\lft\\Documents\\Qlik\\Sense\\Apps\\Helpdesk Management.qvf"},{"kind":"E","path":["Desktop","mashups",1,"pages","1","rows",0,0,"id","object"],"lhs":"KxdNL","rhs":"RuTpzNW"},{"kind":"E","path":["Desktop","mashups",1,"pages","1","rows",0,0,"id","type"],"lhs":"gauge","rhs":"kpi"},{"kind":"D","path":["Desktop","mashups",1,"pages","1","rows",0,0,"showLink"],"lhs":true},{"kind":"D","path":["Desktop","mashups",1,"pages","1","rows",0,0,"link"],"lhs":"3"},{"kind":"D","path":["Desktop","mashups",1,"pages","1","rows",0,0,"showIcon"],"lhs":true},{"kind":"D","path":["Desktop","mashups",1,"pages","1","rows",0,0,"icon"],"lhs":"piggy-bank"},{"kind":"E","path":["Desktop","mashups",1,"pages","1","rows",0,1,"title"],"lhs":"Account Reveivable","rhs":"default.panel.title"},{"kind":"E","path":["Desktop","mashups",1,"pages","1","rows",0,1,"showTitle"],"lhs":true,"rhs":false},{"kind":"E","path":["Desktop","mashups",1,"pages","1","rows",0,1,"id","app"],"lhs":"C:\\Users\\lft\\Documents\\Qlik\\Sense\\Apps\\Executive Dashboard.qvf","rhs":"C:\\Users\\lft\\Documents\\Qlik\\Sense\\Apps\\Helpdesk Management.qvf"},{"kind":"E","path":["Desktop","mashups",1,"pages","1","rows",0,1,"id","object"],"lhs":"MdpsUpA","rhs":"JARjh"},{"kind":"E","path":["Desktop","mashups",1,"pages","1","rows",0,1,"id","type"],"lhs":"gauge","rhs":"kpi"},{"kind":"D","path":["Desktop","mashups",1,"pages","1","rows",0,1,"showLink"],"lhs":true},{"kind":"D","path":["Desktop","mashups",1,"pages","1","rows",0,1,"link"],"lhs":"4"},{"kind":"D","path":["Desktop","mashups",1,"pages","1","rows",0,1,"showIcon"],"lhs":true},{"kind":"D","path":["Desktop","mashups",1,"pages","1","rows",0,1,"icon"],"lhs":"warning-sign"},{"kind":"E","path":["Desktop","mashups",1,"pages","1","rows",0,2,"title"],"lhs":"Revenue","rhs":"default.panel.title"},{"kind":"E","path":["Desktop","mashups",1,"pages","1","rows",0,2,"showTitle"],"lhs":true,"rhs":false},{"kind":"E","path":["Desktop","mashups",1,"pages","1","rows",0,2,"id","app"],"lhs":"C:\\Users\\lft\\Documents\\Qlik\\Sense\\Apps\\Executive Dashboard.qvf","rhs":"C:\\Users\\lft\\Documents\\Qlik\\Sense\\Apps\\Helpdesk Management.qvf"},{"kind":"E","path":["Desktop","mashups",1,"pages","1","rows",0,2,"id","object"],"lhs":"tcxTY","rhs":"JsVPe"},{"kind":"E","path":["Desktop","mashups",1,"pages","1","rows",0,2,"id","type"],"lhs":"gauge","rhs":"kpi"},{"kind":"D","path":["Desktop","mashups",1,"pages","1","rows",0,2,"showLink"],"lhs":true},{"kind":"D","path":["Desktop","mashups",1,"pages","1","rows",0,2,"link"],"lhs":"2"},{"kind":"D","path":["Desktop","mashups",1,"pages","1","rows",0,2,"showIcon"],"lhs":true},{"kind":"D","path":["Desktop","mashups",1,"pages","1","rows",0,2,"icon"],"lhs":"euro"},{"kind":"E","path":["Desktop","mashups",1,"pages","1","rows",0,3,"title"],"lhs":"Expenses trend","rhs":"default.panel.title"},{"kind":"E","path":["Desktop","mashups",1,"pages","1","rows",0,3,"showTitle"],"lhs":false,"rhs":true},{"kind":"E","path":["Desktop","mashups",1,"pages","1","rows",0,3,"id","app"],"lhs":"C:\\Users\\lft\\Documents\\Qlik\\Sense\\Apps\\Executive Dashboard.qvf","rhs":"C:\\Users\\lft\\Documents\\Qlik\\Sense\\Apps\\Helpdesk Management.qvf"},{"kind":"E","path":["Desktop","mashups",1,"pages","1","rows",0,3,"id","object"],"lhs":"JEBdZz","rhs":"a5e0f12c-38f5-4da9-8f3f-0e4566b28398"},{"kind":"E","path":["Desktop","mashups",1,"pages","1","rows",0,3,"id","type"],"lhs":"linechart","rhs":"barchart"},{"kind":"E","path":["Desktop","mashups",1,"pages","1","rows",0,3,"width"],"lhs":4,"rhs":6},{"kind":"E","path":["Desktop","mashups",1,"pages","1","rows",0,3,"height"],"lhs":200,"rhs":400},{"kind":"E","path":["Desktop","mashups",1,"pages","1","rows",0,4,"title"],"lhs":"Revenue trend","rhs":"default.panel.title"},{"kind":"E","path":["Desktop","mashups",1,"pages","1","rows",0,4,"showTitle"],"lhs":false,"rhs":true},{"kind":"E","path":["Desktop","mashups",1,"pages","1","rows",0,4,"id","app"],"lhs":"C:\\Users\\lft\\Documents\\Qlik\\Sense\\Apps\\Executive Dashboard.qvf","rhs":"C:\\Users\\lft\\Documents\\Qlik\\Sense\\Apps\\Helpdesk Management.qvf"},{"kind":"E","path":["Desktop","mashups",1,"pages","1","rows",0,4,"id","object"],"lhs":"GJxgd","rhs":"298bbd6d-f23d-4469-94a2-df243d680e0c"},{"kind":"E","path":["Desktop","mashups",1,"pages","1","rows",0,4,"id","type"],"lhs":"linechart","rhs":"scatterplot"},{"kind":"E","path":["Desktop","mashups",1,"pages","1","rows",0,4,"width"],"lhs":4,"rhs":6},{"kind":"E","path":["Desktop","mashups",1,"pages","1","rows",0,4,"height"],"lhs":200,"rhs":400},{"kind":"E","path":["Desktop","mashups",1,"pages","1","rows",0,5,"title"],"lhs":"AR Trend","rhs":"default.panel.title"},{"kind":"E","path":["Desktop","mashups",1,"pages","1","rows",0,5,"showTitle"],"lhs":false,"rhs":true},{"kind":"E","path":["Desktop","mashups",1,"pages","1","rows",0,5,"id","app"],"lhs":"C:\\Users\\lft\\Documents\\Qlik\\Sense\\Apps\\Executive Dashboard.qvf","rhs":"C:\\Users\\lft\\Documents\\Qlik\\Sense\\Apps\\Helpdesk Management.qvf"},{"kind":"E","path":["Desktop","mashups",1,"pages","1","rows",0,5,"id","object"],"lhs":"QYthJs","rhs":"hRZaKk"},{"kind":"E","path":["Desktop","mashups",1,"pages","1","rows",0,5,"width"],"lhs":4,"rhs":12},{"kind":"E","path":["Desktop","mashups",1,"pages","1","rows",0,5,"height"],"lhs":200,"rhs":600},{"kind":"A","path":["Desktop","mashups",1,"pages","1","rows",0],"index":6,"item":{"kind":"D","lhs":{"title":"By account","showTitle":false,"id":{"app":"C:\\Users\\lft\\Documents\\Qlik\\Sense\\Apps\\Executive Dashboard.qvf","object":"NaKQwM","type":"piechart"},"color":"default","text":"default.panel.text","width":4,"height":200,"selected":false}}},{"kind":"A","path":["Desktop","mashups",1,"pages","1","rows",0],"index":7,"item":{"kind":"D","lhs":{"title":"default.panel.title","showTitle":false,"id":{"app":"C:\\Users\\lft\\Documents\\Qlik\\Sense\\Apps\\Executive Dashboard.qvf","object":"ZxDKp","type":"piechart"},"color":"default","text":"default.panel.text","width":4,"height":200,"selected":false}}},{"kind":"A","path":["Desktop","mashups",1,"pages","1","rows",0],"index":8,"item":{"kind":"D","lhs":{"title":"default.panel.title","showTitle":false,"id":{"app":"C:\\Users\\lft\\Documents\\Qlik\\Sense\\Apps\\Executive Dashboard.qvf","object":"ARNmpdM","type":"piechart"},"color":"default","text":"default.panel.text","width":4,"height":200,"selected":false}}},{"kind":"E","path":["Desktop","mashups",1,"pages","2","header","show"],"lhs":true,"rhs":false},{"kind":"E","path":["Desktop","mashups",1,"pages","2","header","invert"],"lhs":true,"rhs":false},{"kind":"E","path":["Desktop","mashups",1,"pages","2","header","title"],"lhs":"Revenue","rhs":"default.page.header.title"},{"kind":"E","path":["Desktop","mashups",1,"pages","2","header","description"],"lhs":"Analyze the revenue of our company","rhs":"default.page.header.description"},{"kind":"E","path":["Desktop","mashups",1,"pages","2","header","logo","show"],"lhs":true,"rhs":false},{"kind":"E","path":["Desktop","mashups",1,"pages","2","header","logo","href"],"lhs":"4ySb8IOu.jpg","rhs":"http://www2.qlik.com/images/interface/chrome/logo.png"},{"kind":"E","path":["Desktop","mashups",1,"pages","2","header","link","show"],"lhs":false,"rhs":true},{"kind":"E","path":["Desktop","mashups",1,"pages","2","rows",0,0,"title"],"lhs":"Sales per day","rhs":"default.panel.title"},{"kind":"E","path":["Desktop","mashups",1,"pages","2","rows",0,0,"showTitle"],"lhs":true,"rhs":false},{"kind":"E","path":["Desktop","mashups",1,"pages","2","rows",0,0,"id","app"],"lhs":"C:\\Users\\lft\\Documents\\Qlik\\Sense\\Apps\\Executive Dashboard.qvf","rhs":"C:\\Users\\lft\\Documents\\Qlik\\Sense\\Apps\\Helpdesk Management.qvf"},{"kind":"E","path":["Desktop","mashups",1,"pages","2","rows",0,0,"id","object"],"lhs":"nvqpV","rhs":"uETyGUP"},{"kind":"E","path":["Desktop","mashups",1,"pages","2","rows",0,0,"id","type"],"lhs":"linechart","rhs":"table"},{"kind":"E","path":["Desktop","mashups",1,"pages","2","rows",0,0,"width"],"lhs":6,"rhs":12},{"kind":"E","path":["Desktop","mashups",1,"pages","2","rows",0,0,"height"],"lhs":400,"rhs":600},{"kind":"A","path":["Desktop","mashups",1,"pages","2","rows",0],"index":1,"item":{"kind":"D","lhs":{"title":"Sales margin","showTitle":true,"id":{"app":"C:\\Users\\lft\\Documents\\Qlik\\Sense\\Apps\\Executive Dashboard.qvf","object":"fzrxtjq","type":"scatterplot"},"color":"default","text":"default.panel.text","width":6,"height":400,"selected":false}}},{"kind":"A","path":["Desktop","mashups",1,"pages","2","rows",0],"index":2,"item":{"kind":"D","lhs":{"title":"Sales by product","showTitle":true,"id":{"app":"C:\\Users\\lft\\Documents\\Qlik\\Sense\\Apps\\Executive Dashboard.qvf","object":"qZPdytp","type":"barchart"},"color":"default","text":"default.panel.text","width":12,"height":600,"selected":false}}},{"kind":"D","path":["Desktop","mashups",1,"pages","3"],"lhs":{"header":{"show":true,"invert":false,"title":"default.page.header.title","description":"default.page.header.description","logo":{"show":false,"href":"http://www2.qlik.com/images/interface/chrome/logo.png"},"link":{"show":true,"title":"default.page.header.link","href":"default.page.header.link.href"}},"rows":[[]]}},{"kind":"D","path":["Desktop","mashups",1,"pages","4"],"lhs":{"header":{"show":true,"invert":false,"title":"default.page.header.title","description":"default.page.header.description","logo":{"show":false,"href":"http://www2.qlik.com/images/interface/chrome/logo.png"},"link":{"show":true,"title":"default.page.header.link","href":"default.page.header.link.href"}},"rows":[[]]}},{"kind":"E","path":["Desktop","mashups",1,"app","id"],"lhs":"C:\\Users\\lft\\Documents\\Qlik\\Sense\\Apps\\Executive Dashboard.qvf","rhs":"C:\\Users\\lft\\Documents\\Qlik\\Sense\\Apps\\Helpdesk Management.qvf"},{"kind":"E","path":["Desktop","mashups",1,"app","type"],"lhs":"Executive Dashboard.qvf","rhs":"Helpdesk Management.qvf"},{"kind":"E","path":["Desktop","mashups",2,"name"],"lhs":"Help Desk","rhs":"Sales"},{"kind":"E","path":["Desktop","mashups",2,"title"],"lhs":"helpdesk","rhs":"sales"},{"kind":"E","path":["Desktop","mashups",2,"logo","href"],"lhs":"Ey1jd8uO.jpg","rhs":"Nyd231ou.jpg"},{"kind":"E","path":["Desktop","mashups",2,"theme","bs"],"lhs":"cyborg","rhs":"default"},{"kind":"E","path":["Desktop","mashups",2,"theme","qs"],"lhs":"highvis","rhs":"sense"},{"kind":"E","path":["Desktop","mashups",2,"navbar","left",0,"title"],"lhs":"Helpdesk","rhs":"default.page.header.title"},{"kind":"A","path":["Desktop","mashups",2,"navbar","left"],"index":1,"item":{"kind":"D","lhs":{"id":1,"title":"Details","page":2,"type":"link","items":[]}}},{"kind":"E","path":["Desktop","mashups",2,"pages","1","header","title"],"lhs":"Helpdesk","rhs":"Dashboard"},{"kind":"E","path":["Desktop","mashups",2,"pages","1","header","description"],"lhs":"Closing tickets is our mission!","rhs":"Money money money ♫"},{"kind":"E","path":["Desktop","mashups",2,"pages","1","header","logo","href"],"lhs":"NkITO8dO.jpg","rhs":"V1Ikp1sO.jpg"},{"kind":"E","path":["Desktop","mashups",2,"pages","1","rows",0,0,"title"],"lhs":"default.panel.title","rhs":"Sales Variation"},{"kind":"E","path":["Desktop","mashups",2,"pages","1","rows",0,0,"id","app"],"lhs":"C:\\Users\\lft\\Documents\\Qlik\\Sense\\Apps\\Helpdesk Management.qvf","rhs":"C:\\Users\\lft\\Documents\\Qlik\\Sense\\Apps\\Sales Discovery.qvf"},{"kind":"E","path":["Desktop","mashups",2,"pages","1","rows",0,0,"id","object"],"lhs":"RuTpzNW","rhs":"mTjVeM"},{"kind":"E","path":["Desktop","mashups",2,"pages","1","rows",0,1,"title"],"lhs":"default.panel.title","rhs":"Margin Variation"},{"kind":"E","path":["Desktop","mashups",2,"pages","1","rows",0,1,"id","app"],"lhs":"C:\\Users\\lft\\Documents\\Qlik\\Sense\\Apps\\Helpdesk Management.qvf","rhs":"C:\\Users\\lft\\Documents\\Qlik\\Sense\\Apps\\Sales Discovery.qvf"},{"kind":"E","path":["Desktop","mashups",2,"pages","1","rows",0,1,"id","object"],"lhs":"JARjh","rhs":"NXfLpP"},{"kind":"E","path":["Desktop","mashups",2,"pages","1","rows",0,2,"title"],"lhs":"default.panel.title","rhs":"Sales vs Goal YTD"},{"kind":"E","path":["Desktop","mashups",2,"pages","1","rows",0,2,"id","app"],"lhs":"C:\\Users\\lft\\Documents\\Qlik\\Sense\\Apps\\Helpdesk Management.qvf","rhs":"C:\\Users\\lft\\Documents\\Qlik\\Sense\\Apps\\Sales Discovery.qvf"},{"kind":"E","path":["Desktop","mashups",2,"pages","1","rows",0,2,"id","object"],"lhs":"JsVPe","rhs":"jhTmTRy"},{"kind":"E","path":["Desktop","mashups",2,"pages","1","rows",0,3,"title"],"lhs":"default.panel.title","rhs":"Sales Evolution"},{"kind":"E","path":["Desktop","mashups",2,"pages","1","rows",0,3,"id","app"],"lhs":"C:\\Users\\lft\\Documents\\Qlik\\Sense\\Apps\\Helpdesk Management.qvf","rhs":"C:\\Users\\lft\\Documents\\Qlik\\Sense\\Apps\\Sales Discovery.qvf"},{"kind":"E","path":["Desktop","mashups",2,"pages","1","rows",0,3,"id","object"],"lhs":"a5e0f12c-38f5-4da9-8f3f-0e4566b28398","rhs":"myEVngw"},{"kind":"E","path":["Desktop","mashups",2,"pages","1","rows",0,3,"id","type"],"lhs":"barchart","rhs":"linechart"},{"kind":"E","path":["Desktop","mashups",2,"pages","1","rows",0,3,"width"],"lhs":6,"rhs":12},{"kind":"E","path":["Desktop","mashups",2,"pages","1","rows",0,4,"title"],"lhs":"default.panel.title","rhs":"Sales: YTD vs LYTD vs YTD Goals"},{"kind":"E","path":["Desktop","mashups",2,"pages","1","rows",0,4,"id","app"],"lhs":"C:\\Users\\lft\\Documents\\Qlik\\Sense\\Apps\\Helpdesk Management.qvf","rhs":"C:\\Users\\lft\\Documents\\Qlik\\Sense\\Apps\\Sales Discovery.qvf"},{"kind":"E","path":["Desktop","mashups",2,"pages","1","rows",0,4,"id","object"],"lhs":"298bbd6d-f23d-4469-94a2-df243d680e0c","rhs":"SqDbku"},{"kind":"E","path":["Desktop","mashups",2,"pages","1","rows",0,4,"id","type"],"lhs":"scatterplot","rhs":"combochart"},{"kind":"E","path":["Desktop","mashups",2,"pages","1","rows",0,4,"width"],"lhs":6,"rhs":12},{"kind":"A","path":["Desktop","mashups",2,"pages","1","rows",0],"index":5,"item":{"kind":"D","lhs":{"title":"default.panel.title","showTitle":true,"id":{"app":"C:\\Users\\lft\\Documents\\Qlik\\Sense\\Apps\\Helpdesk Management.qvf","object":"hRZaKk","type":"linechart"},"color":"default","text":"default.panel.text","width":12,"height":600,"selected":false}}},{"kind":"D","path":["Desktop","mashups",2,"pages","2"],"lhs":{"header":{"show":false,"invert":false,"title":"default.page.header.title","description":"default.page.header.description","logo":{"show":false,"href":"http://www2.qlik.com/images/interface/chrome/logo.png"},"link":{"show":true,"title":"default.page.header.link","href":"default.page.header.link.href"}},"rows":[[{"title":"default.panel.title","showTitle":false,"id":{"app":"C:\\Users\\lft\\Documents\\Qlik\\Sense\\Apps\\Helpdesk Management.qvf","object":"uETyGUP","type":"table"},"color":"default","text":"default.panel.text","width":12,"height":600,"selected":false}]]}},{"kind":"E","path":["Desktop","mashups",2,"app","id"],"lhs":"C:\\Users\\lft\\Documents\\Qlik\\Sense\\Apps\\Helpdesk Management.qvf","rhs":"C:\\Users\\lft\\Documents\\Qlik\\Sense\\Apps\\Sales Discovery.qvf"},{"kind":"E","path":["Desktop","mashups",2,"app","type"],"lhs":"Helpdesk Management.qvf","rhs":"Sales Discovery.qvf"},{"kind":"E","path":["Desktop","mashups",3,"name"],"lhs":"Sales","rhs":"Retail"},{"kind":"E","path":["Desktop","mashups",3,"title"],"lhs":"sales","rhs":"retail"},{"kind":"E","path":["Desktop","mashups",3,"logo","href"],"lhs":"Nyd231ou.jpg","rhs":"4J-Lh4XY.jpg"},{"kind":"E","path":["Desktop","mashups",3,"pages","1","header","invert"],"lhs":true,"rhs":false},{"kind":"E","path":["Desktop","mashups",3,"pages","1","header","title"],"lhs":"Dashboard","rhs":"default.page.header.title"},{"kind":"E","path":["Desktop","mashups",3,"pages","1","header","description"],"lhs":"Money money money ♫","rhs":"default.page.header.description"},{"kind":"E","path":["Desktop","mashups",3,"pages","1","header","logo","show"],"lhs":true,"rhs":false},{"kind":"E","path":["Desktop","mashups",3,"pages","1","header","logo","href"],"lhs":"V1Ikp1sO.jpg","rhs":"http://www2.qlik.com/images/interface/chrome/logo.png"},{"kind":"A","path":["Desktop","mashups",3,"pages","1","rows",0],"index":0,"item":{"kind":"D","lhs":{"title":"Sales Variation","showTitle":false,"id":{"app":"C:\\Users\\lft\\Documents\\Qlik\\Sense\\Apps\\Sales Discovery.qvf","object":"mTjVeM","type":"kpi"},"color":"default","text":"default.panel.text","width":4,"height":200,"selected":false}}},{"kind":"A","path":["Desktop","mashups",3,"pages","1","rows",0],"index":1,"item":{"kind":"D","lhs":{"title":"Margin Variation","showTitle":false,"id":{"app":"C:\\Users\\lft\\Documents\\Qlik\\Sense\\Apps\\Sales Discovery.qvf","object":"NXfLpP","type":"kpi"},"color":"default","text":"default.panel.text","width":4,"height":200,"selected":false}}},{"kind":"A","path":["Desktop","mashups",3,"pages","1","rows",0],"index":2,"item":{"kind":"D","lhs":{"title":"Sales vs Goal YTD","showTitle":false,"id":{"app":"C:\\Users\\lft\\Documents\\Qlik\\Sense\\Apps\\Sales Discovery.qvf","object":"jhTmTRy","type":"kpi"},"color":"default","text":"default.panel.text","width":4,"height":200,"selected":false}}},{"kind":"A","path":["Desktop","mashups",3,"pages","1","rows",0],"index":3,"item":{"kind":"D","lhs":{"title":"Sales Evolution","showTitle":true,"id":{"app":"C:\\Users\\lft\\Documents\\Qlik\\Sense\\Apps\\Sales Discovery.qvf","object":"myEVngw","type":"linechart"},"color":"default","text":"default.panel.text","width":12,"height":400,"selected":false}}},{"kind":"A","path":["Desktop","mashups",3,"pages","1","rows",0],"index":4,"item":{"kind":"D","lhs":{"title":"Sales: YTD vs LYTD vs YTD Goals","showTitle":true,"id":{"app":"C:\\Users\\lft\\Documents\\Qlik\\Sense\\Apps\\Sales Discovery.qvf","object":"SqDbku","type":"combochart"},"color":"default","text":"default.panel.text","width":12,"height":400,"selected":false}}},{"kind":"E","path":["Desktop","mashups",3,"app","id"],"lhs":"C:\\Users\\lft\\Documents\\Qlik\\Sense\\Apps\\Sales Discovery.qvf","rhs":"C:\\Users\\lft\\Documents\\Qlik\\Sense\\Apps\\Analyse Retail.qvf"},{"kind":"E","path":["Desktop","mashups",3,"app","type"],"lhs":"Sales Discovery.qvf","rhs":"Analyse Retail.qvf"},{"kind":"E","path":["Desktop","__modif_date"],"lhs":"2015-07-18T12:58:06.545Z","rhs":"2015-07-18T12:57:36.276Z"}]