[{"kind":"E","path":["Desktop","user","savedAt"],"lhs":"2015-07-18T13:26:34.498Z","rhs":"2015-07-18T13:25:06.318Z"},{"kind":"A","path":["Desktop","mashups",0,"pages","2","rows",0],"index":0,"item":{"kind":"D","lhs":{"title":"CA / Produit","showTitle":true,"id":{"app":"C:\\Users\\lft\\Documents\\Qlik\\Sense\\Apps\\Analyse Retail.qvf","object":"mAgVQeV","type":"barchart"},"color":"default","text":"default.panel.text","width":4,"height":200,"selected":false}}},{"kind":"A","path":["Desktop","mashups",0,"pages","2","rows",0],"index":1,"item":{"kind":"D","lhs":{"title":"CA / Marge / Magasin","showTitle":true,"id":{"app":"C:\\Users\\lft\\Documents\\Qlik\\Sense\\Apps\\Analyse Retail.qvf","object":"ugHPGk","type":"scatterplot"},"color":"default","text":"default.panel.text","width":4,"height":200,"selected":false}}},{"kind":"A","path":["Desktop","mashups",0,"pages","2","rows",0],"index":2,"item":{"kind":"D","lhs":{"title":"Evol CA / Collection","showTitle":true,"id":{"app":"C:\\Users\\lft\\Documents\\Qlik\\Sense\\Apps\\Analyse Retail.qvf","object":"Exe","type":"scatterplot"},"color":"default","text":"default.panel.text","width":4,"height":200,"selected":false}}},{"kind":"A","path":["Desktop","mashups",0,"pages","2","rows",0],"index":3,"item":{"kind":"D","lhs":{"title":"Evol CA / Pays","showTitle":true,"id":{"app":"C:\\Users\\lft\\Documents\\Qlik\\Sense\\Apps\\Analyse Retail.qvf","object":"JTGvcA","type":"scatterplot"},"color":"default","text":"default.panel.text","width":4,"height":200,"selected":false}}},{"kind":"A","path":["Desktop","mashups",0,"pages","2","rows",0],"index":4,"item":{"kind":"D","lhs":{"title":"Evol CA / Magasin","showTitle":true,"id":{"app":"C:\\Users\\lft\\Documents\\Qlik\\Sense\\Apps\\Analyse Retail.qvf","object":"rENyRU","type":"scatterplot"},"color":"default","text":"default.panel.text","width":4,"height":200,"selected":false}}},{"kind":"A","path":["Desktop","mashups",0,"pages","2","rows",0],"index":5,"item":{"kind":"D","lhs":{"title":"Evol CA / Produit","showTitle":true,"id":{"app":"C:\\Users\\lft\\Documents\\Qlik\\Sense\\Apps\\Analyse Retail.qvf","object":"BsfxJ","type":"scatterplot"},"color":"default","text":"default.panel.text","width":4,"height":200,"selected":false}}},{"kind":"E","path":["Desktop","__modif_date"],"lhs":"2015-07-18T13:26:34.525Z","rhs":"2015-07-18T13:25:06.338Z"}]