[{"kind":"E","path":["Desktop","user","savedAt"],"lhs":"2015-07-18T13:27:41.538Z","rhs":"2015-07-18T13:26:52.152Z"},{"kind":"E","path":["Desktop","mashups",0,"pages","2","rows",0,0,"title"],"lhs":"CA / Marge / Magasin","rhs":"CA / Produit"},{"kind":"E","path":["Desktop","mashups",0,"pages","2","rows",0,0,"id","object"],"lhs":"ugHPGk","rhs":"mAgVQeV"},{"kind":"E","path":["Desktop","mashups",0,"pages","2","rows",0,0,"id","type"],"lhs":"scatterplot","rhs":"barchart"},{"kind":"E","path":["Desktop","mashups",0,"pages","2","rows",0,0,"height"],"lhs":200,"rhs":600},{"kind":"E","path":["Desktop","mashups",0,"pages","2","rows",0,1,"title"],"lhs":"Evol CA / Collection","rhs":"CA / Marge / Magasin"},{"kind":"E","path":["Desktop","mashups",0,"pages","2","rows",0,1,"id","object"],"lhs":"Exe","rhs":"ugHPGk"},{"kind":"E","path":["Desktop","mashups",0,"pages","2","rows",0,1,"width"],"lhs":6,"rhs":4},{"kind":"E","path":["Desktop","mashups",0,"pages","2","rows",0,2,"title"],"lhs":"Evol CA / Pays","rhs":"Evol CA / Collection"},{"kind":"E","path":["Desktop","mashups",0,"pages","2","rows",0,2,"id","object"],"lhs":"JTGvcA","rhs":"Exe"},{"kind":"E","path":["Desktop","mashups",0,"pages","2","rows",0,2,"width"],"lhs":6,"rhs":4},{"kind":"E","path":["Desktop","mashups",0,"pages","2","rows",0,3,"title"],"lhs":"Evol CA / Magasin","rhs":"Evol CA / Pays"},{"kind":"E","path":["Desktop","mashups",0,"pages","2","rows",0,3,"id","object"],"lhs":"rENyRU","rhs":"JTGvcA"},{"kind":"E","path":["Desktop","mashups",0,"pages","2","rows",0,3,"width"],"lhs":6,"rhs":4},{"kind":"E","path":["Desktop","mashups",0,"pages","2","rows",0,4,"title"],"lhs":"Evol CA / Produit","rhs":"Evol CA / Magasin"},{"kind":"E","path":["Desktop","mashups",0,"pages","2","rows",0,4,"id","object"],"lhs":"BsfxJ","rhs":"rENyRU"},{"kind":"E","path":["Desktop","mashups",0,"pages","2","rows",0,4,"width"],"lhs":6,"rhs":4},{"kind":"E","path":["Desktop","mashups",0,"pages","2","rows",0,5,"title"],"lhs":"CA / Produit","rhs":"Evol CA / Produit"},{"kind":"E","path":["Desktop","mashups",0,"pages","2","rows",0,5,"id","object"],"lhs":"mAgVQeV","rhs":"BsfxJ"},{"kind":"E","path":["Desktop","mashups",0,"pages","2","rows",0,5,"id","type"],"lhs":"barchart","rhs":"scatterplot"},{"kind":"E","path":["Desktop","mashups",0,"pages","2","rows",0,5,"width"],"lhs":12,"rhs":4},{"kind":"E","path":["Desktop","mashups",0,"pages","2","rows",0,5,"height"],"lhs":600,"rhs":200},{"kind":"E","path":["Desktop","__modif_date"],"lhs":"2015-07-18T13:27:41.555Z","rhs":"2015-07-18T13:26:52.162Z"}]