[{"kind":"E","path":["Desktop","user","savedAt"],"lhs":"2015-07-15T07:45:11.927Z","rhs":"2015-07-15T07:44:56.533Z"},{"kind":"E","path":["Desktop","mashups",0,"pages","1","rows",0,1,"title"],"lhs":"Revenue","rhs":"Account Reveivable"},{"kind":"E","path":["Desktop","mashups",0,"pages","1","rows",0,1,"id","object"],"lhs":"tcxTY","rhs":"MdpsUpA"},{"kind":"E","path":["Desktop","mashups",0,"pages","1","rows",0,1,"link"],"lhs":"2","rhs":"4"},{"kind":"E","path":["Desktop","mashups",0,"pages","1","rows",0,1,"icon"],"lhs":"euro","rhs":"warning-sign"},{"kind":"E","path":["Desktop","mashups",0,"pages","1","rows",0,2,"title"],"lhs":"Account Reveivable","rhs":"Revenue"},{"kind":"E","path":["Desktop","mashups",0,"pages","1","rows",0,2,"id","object"],"lhs":"MdpsUpA","rhs":"tcxTY"},{"kind":"E","path":["Desktop","mashups",0,"pages","1","rows",0,2,"link"],"lhs":"4","rhs":"2"},{"kind":"E","path":["Desktop","mashups",0,"pages","1","rows",0,2,"icon"],"lhs":"warning-sign","rhs":"euro"},{"kind":"E","path":["Desktop","__modif_date"],"lhs":"2015-07-15T07:45:11.942Z","rhs":"2015-07-15T07:44:56.546Z"}]