[{"kind":"E","path":["Desktop","user","savedAt"],"lhs":"2015-07-15T14:03:23.618Z","rhs":"2015-07-15T07:45:11.927Z"},{"kind":"E","path":["Desktop","mashups",0,"pages","1","rows",0,1,"title"],"lhs":"Account Reveivable","rhs":"Revenue"},{"kind":"E","path":["Desktop","mashups",0,"pages","1","rows",0,1,"id","object"],"lhs":"MdpsUpA","rhs":"tcxTY"},{"kind":"E","path":["Desktop","mashups",0,"pages","1","rows",0,1,"link"],"lhs":"4","rhs":"2"},{"kind":"E","path":["Desktop","mashups",0,"pages","1","rows",0,1,"icon"],"lhs":"warning-sign","rhs":"euro"},{"kind":"E","path":["Desktop","mashups",0,"pages","1","rows",0,2,"title"],"lhs":"Revenue","rhs":"Account Reveivable"},{"kind":"E","path":["Desktop","mashups",0,"pages","1","rows",0,2,"id","object"],"lhs":"tcxTY","rhs":"MdpsUpA"},{"kind":"E","path":["Desktop","mashups",0,"pages","1","rows",0,2,"link"],"lhs":"2","rhs":"4"},{"kind":"E","path":["Desktop","mashups",0,"pages","1","rows",0,2,"icon"],"lhs":"euro","rhs":"warning-sign"},{"kind":"D","path":["Desktop","mashups",0,"pages","3"],"lhs":{"header":{"show":true,"invert":false,"title":"default.page.header.title","description":"default.page.header.description","logo":{"show":false,"href":"http://www2.qlik.com/images/interface/chrome/logo.png"},"link":{"show":true,"title":"default.page.header.link","href":"default.page.header.link.href"}},"rows":[[]]}},{"kind":"E","path":["Desktop","__modif_date"],"lhs":"2015-07-15T14:03:23.632Z","rhs":"2015-07-15T07:45:11.942Z"}]