[{"kind":"E","path":["Desktop","user","savedAt"],"lhs":"2015-07-10T06:24:51.759Z","rhs":"2015-07-10T06:24:02.694Z"},{"kind":"A","path":["Desktop","mashups",0,"pages","1","rows",0],"index":0,"item":{"kind":"D","lhs":{"title":"default.panel.title","showTitle":true,"id":{"app":"C:\\Users\\lft\\Documents\\Qlik\\Sense\\Apps\\Executive Dashboard.qvf","object":"KxdNL","type":"gauge"},"color":"default","text":"default.panel.text","width":4,"height":200,"selected":false,"$$hashKey":"0D2"}}},{"kind":"A","path":["Desktop","mashups",0,"pages","1","rows",0],"index":1,"item":{"kind":"D","lhs":{"title":"default.panel.title","showTitle":true,"id":{"app":"C:\\Users\\lft\\Documents\\Qlik\\Sense\\Apps\\Executive Dashboard.qvf","object":"tcxTY","type":"gauge"},"color":"default","text":"default.panel.text","width":4,"height":200,"selected":false,"$$hashKey":"0HK"}}},{"kind":"A","path":["Desktop","mashups",0,"pages","1","rows",0],"index":2,"item":{"kind":"D","lhs":{"title":"default.panel.title","showTitle":true,"id":{"app":"C:\\Users\\lft\\Documents\\Qlik\\Sense\\Apps\\Executive Dashboard.qvf","object":"MdpsUpA","type":"gauge"},"color":"default","text":"default.panel.text","width":4,"height":200,"selected":false,"$$hashKey":"0M2"}}},{"kind":"E","path":["Desktop","__modif_date"],"lhs":"2015-07-10T06:24:51.774Z","rhs":"2015-07-10T06:24:02.703Z"}]