[{"kind":"E","path":["Desktop","user","savedAt"],"lhs":"2015-07-10T06:31:07.983Z","rhs":"2015-07-10T06:30:13.045Z"},{"kind":"E","path":["Desktop","mashups",0,"navbar","left",0,"title"],"lhs":"Main","rhs":"default.page.header.title"},{"kind":"A","path":["Desktop","mashups",0,"navbar","left"],"index":1,"item":{"kind":"D","lhs":{"id":1,"title":"Revenue","page":2,"type":"link","items":[],"$$hashKey":"44Z"}}},{"kind":"A","path":["Desktop","mashups",0,"navbar","left"],"index":2,"item":{"kind":"D","lhs":{"id":2,"title":"Expenses","page":3,"type":"link","items":[],"$$hashKey":"455"}}},{"kind":"A","path":["Desktop","mashups",0,"navbar","left"],"index":3,"item":{"kind":"D","lhs":{"id":3,"title":"AR","page":4,"type":"link","items":[],"$$hashKey":"45B"}}},{"kind":"E","path":["Desktop","__modif_date"],"lhs":"2015-07-10T06:31:07.995Z","rhs":"2015-07-10T06:30:13.055Z"}]