[{"kind":"E","path":["Desktop","user","savedAt"],"lhs":"2015-07-10T06:27:09.684Z","rhs":"2015-07-10T06:25:51.341Z"},{"kind":"A","path":["Desktop","mashups",0,"pages","1","rows",0],"index":3,"item":{"kind":"D","lhs":{"title":"Expenses trend","showTitle":true,"id":{"app":"C:\\Users\\lft\\Documents\\Qlik\\Sense\\Apps\\Executive Dashboard.qvf","object":"JEBdZz","type":"linechart"},"color":"default","text":"default.panel.text","width":4,"height":200,"selected":false,"$$hashKey":"17R"}}},{"kind":"A","path":["Desktop","mashups",0,"pages","1","rows",0],"index":4,"item":{"kind":"D","lhs":{"title":"Revenue trend","showTitle":true,"id":{"app":"C:\\Users\\lft\\Documents\\Qlik\\Sense\\Apps\\Executive Dashboard.qvf","object":"GJxgd","type":"linechart"},"color":"default","text":"default.panel.text","width":4,"height":200,"selected":false,"$$hashKey":"1CG"}}},{"kind":"A","path":["Desktop","mashups",0,"pages","1","rows",0],"index":5,"item":{"kind":"D","lhs":{"title":"AR Trend","showTitle":true,"id":{"app":"C:\\Users\\lft\\Documents\\Qlik\\Sense\\Apps\\Executive Dashboard.qvf","object":"QYthJs","type":"linechart"},"color":"default","text":"default.panel.text","width":4,"height":200,"selected":false,"$$hashKey":"1XJ"}}},{"kind":"E","path":["Desktop","__modif_date"],"lhs":"2015-07-10T06:27:09.701Z","rhs":"2015-07-10T06:25:51.352Z"}]