[{"kind":"E","path":["Desktop","user","savedAt"],"lhs":"2015-07-10T06:24:02.694Z","rhs":"2015-07-10T06:22:06.561Z"},{"kind":"A","path":["Desktop","mashups"],"index":0,"item":{"kind":"D","lhs":{"name":"Executive","title":"exec","lang":"en-us","color":"midnight-blue","logo":{"show":true,"href":"Nyy7NU_d.jpg"},"theme":{"bs":"default","qs":"sense"},"navbar":{"invert":false,"brand":"Qlik","logo":{"show":false,"href":"http://www2.qlik.com/images/interface/chrome/logo.png"},"left":[{"id":1,"type":"link","title":"default.page.header.title","page":"1","items":[],"$$hashKey":"06V"}]},"footer":{"left":{"show":true,"title":"footer.left","href":"footer.left.href"},"right":{"show":true,"title":"footer.right","href":"footer.right.href"}},"pages":{"1":{"header":{"show":true,"invert":false,"title":"default.page.header.title","description":"default.page.header.description","logo":{"show":false,"href":"http://www2.qlik.com/images/interface/chrome/logo.png"},"link":{"show":true,"title":"default.page.header.link","href":"default.page.header.link.href"}},"rows":[[]]}},"app":{"id":"C:\\Users\\lft\\Documents\\Qlik\\Sense\\Apps\\Executive Dashboard.qvf","type":"Executive Dashboard.qvf"},"$$hashKey":"07D"}}},{"kind":"E","path":["Desktop","__modif_date"],"lhs":"2015-07-10T06:24:02.703Z","rhs":"2015-07-10T06:22:06.570Z"}]