[{"kind":"E","path":["Desktop","user","savedAt"],"lhs":"2015-07-12T05:37:29.090Z","rhs":"2015-07-12T05:35:31.900Z"},{"kind":"E","path":["Desktop","mashups",1,"navbar","left",1,"title"],"lhs":"Details","rhs":"Page 2"},{"kind":"D","path":["Desktop","mashups",1,"pages","2"],"lhs":{"header":{"show":false,"invert":false,"title":"default.page.header.title","description":"default.page.header.description","logo":{"show":false,"href":"http://www2.qlik.com/images/interface/chrome/logo.png"},"link":{"show":true,"title":"default.page.header.link","href":"default.page.header.link.href"}},"rows":[[{"title":"default.panel.title","showTitle":false,"id":{"app":"C:\\Users\\lft\\Documents\\Qlik\\Sense\\Apps\\Helpdesk Management.qvf","object":"uETyGUP","type":"table"},"color":"default","text":"default.panel.text","width":12,"height":600,"selected":false,"$$hashKey":"2O2"}]]}},{"kind":"E","path":["Desktop","__modif_date"],"lhs":"2015-07-12T05:37:29.100Z","rhs":"2015-07-12T05:35:31.928Z"}]