[{"kind":"E","path":["Desktop","user","savedAt"],"lhs":"2015-07-12T05:30:03.011Z","rhs":"2015-07-10T06:43:57.967Z"},{"kind":"E","path":["Desktop","mashups",1,"theme","bs"],"lhs":"cyborg","rhs":"default"},{"kind":"E","path":["Desktop","mashups",1,"theme","qs"],"lhs":"highvis","rhs":"sense"},{"kind":"A","path":["Desktop","mashups",1,"pages","1","rows",0],"index":0,"item":{"kind":"D","lhs":{"title":"default.panel.title","showTitle":true,"id":{"app":"C:\\Users\\lft\\Documents\\Qlik\\Sense\\Apps\\Helpdesk Management.qvf","object":"RuTpzNW","type":"kpi"},"color":"default","text":"default.panel.text","width":4,"height":200,"selected":false,"$$hashKey":"13Y"}}},{"kind":"A","path":["Desktop","mashups",1,"pages","1","rows",0],"index":1,"item":{"kind":"D","lhs":{"title":"default.panel.title","showTitle":true,"id":{"app":"C:\\Users\\lft\\Documents\\Qlik\\Sense\\Apps\\Helpdesk Management.qvf","object":"JARjh","type":"kpi"},"color":"default","text":"default.panel.text","width":4,"height":200,"selected":false,"$$hashKey":"16X"}}},{"kind":"A","path":["Desktop","mashups",1,"pages","1","rows",0],"index":2,"item":{"kind":"D","lhs":{"title":"default.panel.title","showTitle":true,"id":{"app":"C:\\Users\\lft\\Documents\\Qlik\\Sense\\Apps\\Helpdesk Management.qvf","object":"JsVPe","type":"kpi"},"color":"default","text":"default.panel.text","width":4,"height":200,"selected":false,"$$hashKey":"19W"}}},{"kind":"A","path":["Desktop","mashups",1,"pages","1","rows",0],"index":3,"item":{"kind":"D","lhs":{"title":"default.panel.title","showTitle":true,"id":{"app":"C:\\Users\\lft\\Documents\\Qlik\\Sense\\Apps\\Helpdesk Management.qvf","object":"a5e0f12c-38f5-4da9-8f3f-0e4566b28398","type":"barchart"},"color":"default","text":"default.panel.text","width":6,"height":400,"selected":false,"$$hashKey":"1CV"}}},{"kind":"A","path":["Desktop","mashups",1,"pages","1","rows",0],"index":4,"item":{"kind":"D","lhs":{"title":"default.panel.title","showTitle":true,"id":{"app":"C:\\Users\\lft\\Documents\\Qlik\\Sense\\Apps\\Helpdesk Management.qvf","object":"298bbd6d-f23d-4469-94a2-df243d680e0c","type":"scatterplot"},"color":"default","text":"default.panel.text","width":6,"height":400,"selected":false,"$$hashKey":"1FX"}}},{"kind":"A","path":["Desktop","mashups",1,"pages","1","rows",0],"index":5,"item":{"kind":"D","lhs":{"title":"default.panel.title","showTitle":true,"id":{"app":"C:\\Users\\lft\\Documents\\Qlik\\Sense\\Apps\\Helpdesk Management.qvf","object":"hRZaKk","type":"linechart"},"color":"default","text":"default.panel.text","width":12,"height":600,"selected":false,"$$hashKey":"1IY"}}},{"kind":"E","path":["Desktop","__modif_date"],"lhs":"2015-07-12T05:30:03.020Z","rhs":"2015-07-10T06:43:57.981Z"}]