[{"kind":"E","path":["Desktop","user","savedAt"],"lhs":"2015-07-10T06:41:45.426Z","rhs":"2015-07-10T06:40:21.314Z"},{"kind":"D","path":["Desktop","mashups",0,"pages","1","rows",0,0,"showIcon"],"lhs":true},{"kind":"D","path":["Desktop","mashups",0,"pages","1","rows",0,0,"icon"],"lhs":"euro"},{"kind":"D","path":["Desktop","mashups",0,"pages","1","rows",0,1,"showIcon"],"lhs":true},{"kind":"D","path":["Desktop","mashups",0,"pages","1","rows",0,1,"icon"],"lhs":"piggy-bank"},{"kind":"D","path":["Desktop","mashups",0,"pages","1","rows",0,2,"showIcon"],"lhs":true},{"kind":"D","path":["Desktop","mashups",0,"pages","1","rows",0,2,"icon"],"lhs":"warning-sign"},{"kind":"E","path":["Desktop","__modif_date"],"lhs":"2015-07-10T06:41:45.434Z","rhs":"2015-07-10T06:40:21.323Z"}]