[{"kind":"E","path":["Desktop","user","savedAt"],"lhs":"2015-07-12T05:39:47.070Z","rhs":"2015-07-12T05:37:29.090Z"},{"kind":"A","path":["Desktop","mashups"],"index":2,"item":{"kind":"D","lhs":{"name":"Sales","title":"sales","lang":"en-us","color":"blue","logo":{"show":true,"href":"Nyd231ou.jpg"},"theme":{"bs":"default","qs":"sense"},"navbar":{"invert":false,"brand":"Qlik","logo":{"show":false,"href":"http://www2.qlik.com/images/interface/chrome/logo.png"},"left":[{"id":1,"type":"link","title":"default.page.header.title","page":"1","items":[],"$$hashKey":"4EA"}]},"footer":{"left":{"show":true,"title":"footer.left","href":"footer.left.href"},"right":{"show":true,"title":"footer.right","href":"footer.right.href"}},"pages":{"1":{"header":{"show":true,"invert":false,"title":"default.page.header.title","description":"default.page.header.description","logo":{"show":false,"href":"http://www2.qlik.com/images/interface/chrome/logo.png"},"link":{"show":true,"title":"default.page.header.link","href":"default.page.header.link.href"}},"rows":[[]]}},"app":{"id":"C:\\Users\\lft\\Documents\\Qlik\\Sense\\Apps\\Sales Discovery.qvf","type":"Sales Discovery.qvf"},"$$hashKey":"4EO"}}},{"kind":"E","path":["Desktop","__modif_date"],"lhs":"2015-07-12T05:39:47.091Z","rhs":"2015-07-12T05:37:29.100Z"}]