[{"kind":"E","path":["Desktop","user","savedAt"],"lhs":"2015-07-12T05:33:40.565Z","rhs":"2015-07-12T05:30:21.415Z"},{"kind":"E","path":["Desktop","mashups",1,"pages","1","header","invert"],"lhs":false,"rhs":true},{"kind":"E","path":["Desktop","mashups",1,"pages","1","header","title"],"lhs":"Helpdesk","rhs":"default.page.header.title"},{"kind":"E","path":["Desktop","mashups",1,"pages","1","header","description"],"lhs":"Closing tickets is our mission!","rhs":"default.page.header.description"},{"kind":"E","path":["Desktop","__modif_date"],"lhs":"2015-07-12T05:33:40.581Z","rhs":"2015-07-12T05:30:21.432Z"}]