[{"kind":"E","path":["Desktop","user","savedAt"],"lhs":"2015-07-10T06:28:07.661Z","rhs":"2015-07-10T06:27:09.684Z"},{"kind":"E","path":["Desktop","mashups",0,"pages","1","rows",0,3,"showTitle"],"lhs":false,"rhs":true},{"kind":"E","path":["Desktop","mashups",0,"pages","1","rows",0,4,"showTitle"],"lhs":false,"rhs":true},{"kind":"E","path":["Desktop","mashups",0,"pages","1","rows",0,5,"showTitle"],"lhs":false,"rhs":true},{"kind":"A","path":["Desktop","mashups",0,"pages","1","rows",0],"index":6,"item":{"kind":"D","lhs":{"title":"By account","showTitle":false,"id":{"app":"C:\\Users\\lft\\Documents\\Qlik\\Sense\\Apps\\Executive Dashboard.qvf","object":"NaKQwM","type":"piechart"},"color":"default","text":"default.panel.text","width":4,"height":200,"selected":false,"$$hashKey":"2AG"}}},{"kind":"E","path":["Desktop","__modif_date"],"lhs":"2015-07-10T06:28:07.682Z","rhs":"2015-07-10T06:27:09.701Z"}]