[{"kind":"E","path":["Desktop","user","savedAt"],"lhs":"2015-07-10T06:40:21.314Z","rhs":"2015-07-10T06:38:46.067Z"},{"kind":"A","path":["Desktop","mashups",0,"pages","2","rows",0],"index":0,"item":{"kind":"D","lhs":{"title":"Sales margin","showTitle":true,"id":{"app":"C:\\Users\\lft\\Documents\\Qlik\\Sense\\Apps\\Executive Dashboard.qvf","object":"fzrxtjq","type":"scatterplot"},"color":"default","text":"default.panel.text","width":6,"height":400,"selected":false,"$$hashKey":"75P"}}},{"kind":"A","path":["Desktop","mashups",0,"pages","2","rows",0],"index":1,"item":{"kind":"D","lhs":{"title":"Sales per day","showTitle":true,"id":{"app":"C:\\Users\\lft\\Documents\\Qlik\\Sense\\Apps\\Executive Dashboard.qvf","object":"nvqpV","type":"linechart"},"color":"default","text":"default.panel.text","width":6,"height":400,"selected":false,"$$hashKey":"7DE"}}},{"kind":"A","path":["Desktop","mashups",0,"pages","2","rows",0],"index":2,"item":{"kind":"D","lhs":{"title":"Sales by product","showTitle":true,"id":{"app":"C:\\Users\\lft\\Documents\\Qlik\\Sense\\Apps\\Executive Dashboard.qvf","object":"qZPdytp","type":"barchart"},"color":"default","text":"default.panel.text","width":12,"height":600,"selected":false,"$$hashKey":"7I1"}}},{"kind":"E","path":["Desktop","__modif_date"],"lhs":"2015-07-10T06:40:21.323Z","rhs":"2015-07-10T06:38:46.073Z"}]