[{"kind":"E","path":["Desktop","user","savedAt"],"lhs":"2015-07-10T06:31:36.637Z","rhs":"2015-07-10T06:31:07.983Z"},{"kind":"D","path":["Desktop","mashups",0,"pages","1","rows",0,0,"showLink"],"lhs":true},{"kind":"D","path":["Desktop","mashups",0,"pages","1","rows",0,0,"link"],"lhs":"2"},{"kind":"D","path":["Desktop","mashups",0,"pages","1","rows",0,1,"showLink"],"lhs":true},{"kind":"D","path":["Desktop","mashups",0,"pages","1","rows",0,1,"link"],"lhs":"3"},{"kind":"D","path":["Desktop","mashups",0,"pages","1","rows",0,2,"showLink"],"lhs":true},{"kind":"D","path":["Desktop","mashups",0,"pages","1","rows",0,2,"link"],"lhs":"4"},{"kind":"E","path":["Desktop","__modif_date"],"lhs":"2015-07-10T06:31:36.643Z","rhs":"2015-07-10T06:31:07.995Z"}]