[{"kind":"E","path":["Desktop","user","savedAt"],"lhs":"2015-07-12T05:41:32.206Z","rhs":"2015-07-12T05:39:47.070Z"},{"kind":"E","path":["Desktop","mashups",2,"pages","1","header","invert"],"lhs":true,"rhs":false},{"kind":"E","path":["Desktop","mashups",2,"pages","1","header","title"],"lhs":"Dashboard","rhs":"default.page.header.title"},{"kind":"E","path":["Desktop","mashups",2,"pages","1","header","description"],"lhs":"Money money money ♫","rhs":"default.page.header.description"},{"kind":"E","path":["Desktop","mashups",2,"pages","1","header","logo","show"],"lhs":true,"rhs":false},{"kind":"E","path":["Desktop","mashups",2,"pages","1","header","logo","href"],"lhs":"V1Ikp1sO.jpg","rhs":"http://www2.qlik.com/images/interface/chrome/logo.png"},{"kind":"E","path":["Desktop","__modif_date"],"lhs":"2015-07-12T05:41:32.216Z","rhs":"2015-07-12T05:39:47.091Z"}]