[{"kind":"E","path":["Desktop","user","savedAt"],"lhs":"2015-07-10T06:43:14.100Z","rhs":"2015-07-10T06:41:45.426Z"},{"kind":"A","path":["Desktop","mashups"],"index":1,"item":{"kind":"D","lhs":{"name":"Help Desk","title":"helpdesk","lang":"en-us","color":"blue","logo":{"show":true,"href":"Ey1jd8uO.jpg"},"theme":{"bs":"default","qs":"sense"},"navbar":{"invert":false,"brand":"Qlik","logo":{"show":false,"href":"http://www2.qlik.com/images/interface/chrome/logo.png"},"left":[{"id":1,"type":"link","title":"default.page.header.title","page":"1","items":[],"$$hashKey":"0AF"}]},"footer":{"left":{"show":true,"title":"footer.left","href":"footer.left.href"},"right":{"show":true,"title":"footer.right","href":"footer.right.href"}},"pages":{"1":{"header":{"show":true,"invert":false,"title":"default.page.header.title","description":"default.page.header.description","logo":{"show":false,"href":"http://www2.qlik.com/images/interface/chrome/logo.png"},"link":{"show":true,"title":"default.page.header.link","href":"default.page.header.link.href"}},"rows":[[]]}},"app":{"id":"C:\\Users\\lft\\Documents\\Qlik\\Sense\\Apps\\Helpdesk Management.qvf","type":"Helpdesk Management.qvf"},"$$hashKey":"0AW"}}},{"kind":"E","path":["Desktop","__modif_date"],"lhs":"2015-07-10T06:43:14.110Z","rhs":"2015-07-10T06:41:45.434Z"}]