[{"kind":"E","path":["Desktop","user","savedAt"],"lhs":"2015-07-12T05:43:57.045Z","rhs":"2015-07-12T05:43:23.059Z"},{"kind":"A","path":["Desktop","mashups",0,"pages","1","rows",0],"index":9,"item":{"kind":"D","lhs":{"title":"default.panel.title","showTitle":true,"id":{"app":"C:\\Users\\lft\\Documents\\Qlik\\Sense\\Apps\\Executive Dashboard.qvf","object":"JEBdZz","type":"linechart"},"color":"default","text":"default.panel.text","width":12,"height":600,"selected":false,"$$hashKey":"0NK"}}},{"kind":"E","path":["Desktop","__modif_date"],"lhs":"2015-07-12T05:43:57.067Z","rhs":"2015-07-12T05:43:23.079Z"}]