[{"kind":"E","path":["Desktop","user","savedAt"],"lhs":"2015-07-10T06:43:57.967Z","rhs":"2015-07-10T06:43:14.100Z"},{"kind":"E","path":["Desktop","mashups",1,"pages","1","header","invert"],"lhs":true,"rhs":false},{"kind":"E","path":["Desktop","mashups",1,"pages","1","header","logo","show"],"lhs":true,"rhs":false},{"kind":"E","path":["Desktop","mashups",1,"pages","1","header","logo","href"],"lhs":"NkITO8dO.jpg","rhs":"http://www2.qlik.com/images/interface/chrome/logo.png"},{"kind":"E","path":["Desktop","__modif_date"],"lhs":"2015-07-10T06:43:57.981Z","rhs":"2015-07-10T06:43:14.110Z"}]