[{"kind":"E","path":["Desktop","user","savedAt"],"lhs":"2015-07-10T06:29:34.030Z","rhs":"2015-07-10T06:29:23.515Z"},{"kind":"E","path":["Desktop","mashups",0,"pages","1","rows",0,0,"title"],"lhs":"Revenue","rhs":"Expenses"},{"kind":"E","path":["Desktop","mashups",0,"pages","1","rows",0,0,"id","object"],"lhs":"tcxTY","rhs":"KxdNL"},{"kind":"E","path":["Desktop","mashups",0,"pages","1","rows",0,0,"$$hashKey"],"lhs":"0HK","rhs":"0D2"},{"kind":"E","path":["Desktop","mashups",0,"pages","1","rows",0,1,"title"],"lhs":"Expenses","rhs":"Revenue"},{"kind":"E","path":["Desktop","mashups",0,"pages","1","rows",0,1,"id","object"],"lhs":"KxdNL","rhs":"tcxTY"},{"kind":"E","path":["Desktop","mashups",0,"pages","1","rows",0,1,"$$hashKey"],"lhs":"0D2","rhs":"0HK"},{"kind":"E","path":["Desktop","mashups",0,"pages","1","rows",0,3,"title"],"lhs":"Revenue trend","rhs":"Expenses trend"},{"kind":"E","path":["Desktop","mashups",0,"pages","1","rows",0,3,"id","object"],"lhs":"GJxgd","rhs":"JEBdZz"},{"kind":"E","path":["Desktop","mashups",0,"pages","1","rows",0,3,"$$hashKey"],"lhs":"1CG","rhs":"17R"},{"kind":"E","path":["Desktop","mashups",0,"pages","1","rows",0,4,"title"],"lhs":"Expenses trend","rhs":"Revenue trend"},{"kind":"E","path":["Desktop","mashups",0,"pages","1","rows",0,4,"id","object"],"lhs":"JEBdZz","rhs":"GJxgd"},{"kind":"E","path":["Desktop","mashups",0,"pages","1","rows",0,4,"$$hashKey"],"lhs":"17R","rhs":"1CG"},{"kind":"E","path":["Desktop","mashups",0,"pages","1","rows",0,6,"title"],"lhs":"default.panel.title","rhs":"By account"},{"kind":"E","path":["Desktop","mashups",0,"pages","1","rows",0,6,"id","object"],"lhs":"ZxDKp","rhs":"NaKQwM"},{"kind":"E","path":["Desktop","mashups",0,"pages","1","rows",0,6,"$$hashKey"],"lhs":"2P5","rhs":"2AG"},{"kind":"E","path":["Desktop","mashups",0,"pages","1","rows",0,7,"title"],"lhs":"By account","rhs":"default.panel.title"},{"kind":"E","path":["Desktop","mashups",0,"pages","1","rows",0,7,"id","object"],"lhs":"NaKQwM","rhs":"ZxDKp"},{"kind":"E","path":["Desktop","mashups",0,"pages","1","rows",0,7,"$$hashKey"],"lhs":"2AG","rhs":"2P5"},{"kind":"E","path":["Desktop","__modif_date"],"lhs":"2015-07-10T06:29:34.037Z","rhs":"2015-07-10T06:29:23.526Z"}]