[{"kind":"E","path":["Desktop","user","savedAt"],"lhs":"2015-07-12T05:30:21.415Z","rhs":"2015-07-12T05:30:03.011Z"},{"kind":"E","path":["Desktop","mashups",1,"pages","1","rows",0,0,"showTitle"],"lhs":false,"rhs":true},{"kind":"E","path":["Desktop","mashups",1,"pages","1","rows",0,1,"showTitle"],"lhs":false,"rhs":true},{"kind":"E","path":["Desktop","mashups",1,"pages","1","rows",0,2,"showTitle"],"lhs":false,"rhs":true},{"kind":"E","path":["Desktop","__modif_date"],"lhs":"2015-07-12T05:30:21.432Z","rhs":"2015-07-12T05:30:03.020Z"}]