[{"kind":"E","path":["Desktop","user","savedAt"],"lhs":"2015-07-10T06:28:46.165Z","rhs":"2015-07-10T06:28:07.661Z"},{"kind":"A","path":["Desktop","mashups",0,"pages","1","rows",0],"index":7,"item":{"kind":"D","lhs":{"title":"default.panel.title","showTitle":false,"id":{"app":"C:\\Users\\lft\\Documents\\Qlik\\Sense\\Apps\\Executive Dashboard.qvf","object":"ZxDKp","type":"piechart"},"color":"default","text":"default.panel.text","width":4,"height":200,"selected":false,"$$hashKey":"2P5"}}},{"kind":"A","path":["Desktop","mashups",0,"pages","1","rows",0],"index":8,"item":{"kind":"D","lhs":{"title":"default.panel.title","showTitle":false,"id":{"app":"C:\\Users\\lft\\Documents\\Qlik\\Sense\\Apps\\Executive Dashboard.qvf","object":"ARNmpdM","type":"piechart"},"color":"default","text":"default.panel.text","width":4,"height":200,"selected":false,"$$hashKey":"2TH"}}},{"kind":"E","path":["Desktop","__modif_date"],"lhs":"2015-07-10T06:28:46.181Z","rhs":"2015-07-10T06:28:07.682Z"}]