[{"kind":"E","path":["Desktop","user","savedAt"],"lhs":"2015-07-15T07:44:56.533Z","rhs":"2015-07-12T05:44:07.084Z"},{"kind":"N","path":["Desktop","mashups",0,"navbar","left",0,"$$hashKey"],"rhs":"06V"},{"kind":"N","path":["Desktop","mashups",0,"navbar","left",1,"$$hashKey"],"rhs":"44Z"},{"kind":"N","path":["Desktop","mashups",0,"navbar","left",2,"$$hashKey"],"rhs":"455"},{"kind":"N","path":["Desktop","mashups",0,"navbar","left",3,"$$hashKey"],"rhs":"45B"},{"kind":"N","path":["Desktop","mashups",0,"pages","1","rows",0,0,"$$hashKey"],"rhs":"0D2"},{"kind":"E","path":["Desktop","mashups",0,"pages","1","rows",0,1,"title"],"lhs":"Account Reveivable","rhs":"Revenue"},{"kind":"E","path":["Desktop","mashups",0,"pages","1","rows",0,1,"id","object"],"lhs":"MdpsUpA","rhs":"tcxTY"},{"kind":"E","path":["Desktop","mashups",0,"pages","1","rows",0,1,"link"],"lhs":"4","rhs":"2"},{"kind":"E","path":["Desktop","mashups",0,"pages","1","rows",0,1,"icon"],"lhs":"warning-sign","rhs":"euro"},{"kind":"N","path":["Desktop","mashups",0,"pages","1","rows",0,1,"$$hashKey"],"rhs":"0HK"},{"kind":"E","path":["Desktop","mashups",0,"pages","1","rows",0,2,"title"],"lhs":"Revenue","rhs":"Account Reveivable"},{"kind":"E","path":["Desktop","mashups",0,"pages","1","rows",0,2,"id","object"],"lhs":"tcxTY","rhs":"MdpsUpA"},{"kind":"E","path":["Desktop","mashups",0,"pages","1","rows",0,2,"link"],"lhs":"2","rhs":"4"},{"kind":"E","path":["Desktop","mashups",0,"pages","1","rows",0,2,"icon"],"lhs":"euro","rhs":"warning-sign"},{"kind":"N","path":["Desktop","mashups",0,"pages","1","rows",0,2,"$$hashKey"],"rhs":"0M2"},{"kind":"N","path":["Desktop","mashups",0,"pages","1","rows",0,3,"$$hashKey"],"rhs":"17R"},{"kind":"N","path":["Desktop","mashups",0,"pages","1","rows",0,4,"$$hashKey"],"rhs":"1CG"},{"kind":"N","path":["Desktop","mashups",0,"pages","1","rows",0,5,"$$hashKey"],"rhs":"1XJ"},{"kind":"N","path":["Desktop","mashups",0,"pages","1","rows",0,6,"$$hashKey"],"rhs":"2AG"},{"kind":"N","path":["Desktop","mashups",0,"pages","1","rows",0,7,"$$hashKey"],"rhs":"2P5"},{"kind":"N","path":["Desktop","mashups",0,"pages","1","rows",0,8,"$$hashKey"],"rhs":"2TH"},{"kind":"N","path":["Desktop","mashups",0,"pages","2","rows",0,0,"$$hashKey"],"rhs":"75P"},{"kind":"N","path":["Desktop","mashups",0,"pages","2","rows",0,1,"$$hashKey"],"rhs":"7DE"},{"kind":"N","path":["Desktop","mashups",0,"pages","2","rows",0,2,"$$hashKey"],"rhs":"7I1"},{"kind":"N","path":["Desktop","mashups",0,"$$hashKey"],"rhs":"07D"},{"kind":"N","path":["Desktop","mashups",1,"navbar","left",0,"$$hashKey"],"rhs":"0AF"},{"kind":"N","path":["Desktop","mashups",1,"navbar","left",1,"$$hashKey"],"rhs":"2H1"},{"kind":"N","path":["Desktop","mashups",1,"pages","1","rows",0,0,"$$hashKey"],"rhs":"13Y"},{"kind":"N","path":["Desktop","mashups",1,"pages","1","rows",0,1,"$$hashKey"],"rhs":"16X"},{"kind":"N","path":["Desktop","mashups",1,"pages","1","rows",0,2,"$$hashKey"],"rhs":"19W"},{"kind":"N","path":["Desktop","mashups",1,"pages","1","rows",0,3,"$$hashKey"],"rhs":"1CV"},{"kind":"N","path":["Desktop","mashups",1,"pages","1","rows",0,4,"$$hashKey"],"rhs":"1FX"},{"kind":"N","path":["Desktop","mashups",1,"pages","1","rows",0,5,"$$hashKey"],"rhs":"1IY"},{"kind":"N","path":["Desktop","mashups",1,"pages","2","rows",0,0,"$$hashKey"],"rhs":"2O2"},{"kind":"N","path":["Desktop","mashups",1,"$$hashKey"],"rhs":"0AW"},{"kind":"N","path":["Desktop","mashups",2,"navbar","left",0,"$$hashKey"],"rhs":"4EA"},{"kind":"N","path":["Desktop","mashups",2,"$$hashKey"],"rhs":"4EO"},{"kind":"E","path":["Desktop","__modif_date"],"lhs":"2015-07-15T07:44:56.546Z","rhs":"2015-07-12T05:44:07.100Z"}]