[{"kind":"E","path":["Desktop","user","savedAt"],"lhs":"2015-07-10T06:25:51.341Z","rhs":"2015-07-10T06:24:51.759Z"},{"kind":"E","path":["Desktop","mashups",0,"pages","1","rows",0,0,"title"],"lhs":"Expenses vs. Target","rhs":"default.panel.title"},{"kind":"E","path":["Desktop","mashups",0,"pages","1","rows",0,1,"title"],"lhs":"Revenue vs. LY","rhs":"default.panel.title"},{"kind":"E","path":["Desktop","mashups",0,"pages","1","rows",0,2,"title"],"lhs":"Account Reveivable Overdue","rhs":"default.panel.title"},{"kind":"E","path":["Desktop","__modif_date"],"lhs":"2015-07-10T06:25:51.352Z","rhs":"2015-07-10T06:24:51.774Z"}]