[{"kind":"E","path":["Desktop","user","savedAt"],"lhs":"2015-07-12T05:35:31.900Z","rhs":"2015-07-12T05:33:56.735Z"},{"kind":"E","path":["Desktop","mashups",1,"navbar","left",0,"title"],"lhs":"Helpdesk","rhs":"default.page.header.title"},{"kind":"A","path":["Desktop","mashups",1,"navbar","left"],"index":1,"item":{"kind":"D","lhs":{"id":1,"title":"Page 2","page":2,"type":"link","items":[],"$$hashKey":"2H1"}}},{"kind":"E","path":["Desktop","__modif_date"],"lhs":"2015-07-12T05:35:31.928Z","rhs":"2015-07-12T05:33:56.747Z"}]