[{"kind":"E","path":["Desktop","user","savedAt"],"lhs":"2015-07-15T15:44:25.805Z","rhs":"2015-07-15T14:03:23.618Z"},{"kind":"E","path":["Desktop","mashups",0,"pages","2","rows",0,0,"title"],"lhs":"Sales per day","rhs":"Sales margin"},{"kind":"E","path":["Desktop","mashups",0,"pages","2","rows",0,0,"id","object"],"lhs":"nvqpV","rhs":"fzrxtjq"},{"kind":"E","path":["Desktop","mashups",0,"pages","2","rows",0,0,"id","type"],"lhs":"linechart","rhs":"scatterplot"},{"kind":"E","path":["Desktop","mashups",0,"pages","2","rows",0,1,"title"],"lhs":"Sales margin","rhs":"Sales per day"},{"kind":"E","path":["Desktop","mashups",0,"pages","2","rows",0,1,"id","object"],"lhs":"fzrxtjq","rhs":"nvqpV"},{"kind":"E","path":["Desktop","mashups",0,"pages","2","rows",0,1,"id","type"],"lhs":"scatterplot","rhs":"linechart"},{"kind":"E","path":["Desktop","__modif_date"],"lhs":"2015-07-15T15:44:25.816Z","rhs":"2015-07-15T14:03:23.632Z"}]