[{"kind":"E","path":["Desktop","user","savedAt"],"lhs":"2015-07-10T06:29:23.515Z","rhs":"2015-07-10T06:29:01.572Z"},{"kind":"E","path":["Desktop","mashups",0,"pages","1","rows",0,0,"title"],"lhs":"Expenses","rhs":"Expenses vs. Target"},{"kind":"E","path":["Desktop","mashups",0,"pages","1","rows",0,1,"title"],"lhs":"Revenue","rhs":"Revenue vs. LY"},{"kind":"E","path":["Desktop","mashups",0,"pages","1","rows",0,2,"title"],"lhs":"Account Reveivable","rhs":"Account Reveivable Overdue"},{"kind":"E","path":["Desktop","__modif_date"],"lhs":"2015-07-10T06:29:23.526Z","rhs":"2015-07-10T06:29:01.583Z"}]