[{"kind":"E","path":["Desktop","user","savedAt"],"lhs":"2015-07-10T06:37:19.243Z","rhs":"2015-07-10T06:32:26.815Z"},{"kind":"E","path":["Desktop","mashups",0,"theme","bs"],"lhs":"simplex","rhs":"superhero"},{"kind":"E","path":["Desktop","mashups",0,"theme","qs"],"lhs":"sense","rhs":"highvis"},{"kind":"E","path":["Desktop","mashups",0,"navbar","logo","show"],"lhs":true,"rhs":false},{"kind":"E","path":["Desktop","mashups",0,"navbar","logo","href"],"lhs":"4JT3LUOO.png","rhs":"http://www2.qlik.com/images/interface/chrome/logo.png"},{"kind":"E","path":["Desktop","__modif_date"],"lhs":"2015-07-10T06:37:19.266Z","rhs":"2015-07-10T06:32:26.827Z"}]