[{"kind":"E","path":["Desktop","user","savedAt"],"lhs":"2015-07-10T06:32:26.815Z","rhs":"2015-07-10T06:31:36.637Z"},{"kind":"D","path":["Desktop","mashups",0,"pages","2"],"lhs":{"header":{"show":true,"invert":false,"title":"Revenue","description":"Analyze the revenue of our company","logo":{"show":true,"href":"4ySb8IOu.jpg"},"link":{"show":false,"title":"default.page.header.link","href":"default.page.header.link.href"}},"rows":[[]]}},{"kind":"E","path":["Desktop","__modif_date"],"lhs":"2015-07-10T06:32:26.827Z","rhs":"2015-07-10T06:31:36.643Z"}]